Season year and week (40);;;State;;;;;;;;;;;;;;;;
Season year and week (40);enddate;Germany_sum;Baden-Wuerttemberg;Bavaria;Berlin;Brandenburg;Bremen;Hamburg;Hessen;Mecklenburg-Vorpommern;Lower Saxony;North Rhine-Westphalia;Rhineland-Palatinate;Saarland;Saxony;Saxony-Anhalt;Schleswig-Holstein;Thuringia;Unknown
2000/01 SW14 (w/e 01/07);2001-01-07;7;;;;;;1;3;1;;;;;2;;;;
2000/01 SW15 (w/e 01/14);2001-01-14;15;;;1;2;;;5;1;1;1;;;4;;;;
2000/01 SW16 (w/e 01/21);2001-01-21;55;1;4;;10;;;;6;2;9;2;;13;2;3;3;
2000/01 SW17 (w/e 01/28);2001-01-28;187;27;7;;14;;1;;22;13;21;3;;65;;10;4;
2000/01 SW18 (w/e 02/04);2001-02-04;460;63;32;59;40;;3;7;24;42;13;4;;138;17;2;16;
2000/01 SW19 (w/e 02/11);2001-02-11;536;86;40;28;34;;2;9;2;26;19;14;5;69;155;6;41;
2000/01 SW20 (w/e 02/18);2001-02-18;405;64;61;23;16;;1;10;7;31;12;34;2;74;45;10;15;
2000/01 SW21 (w/e 02/25);2001-02-25;244;46;56;7;13;;2;2;2;17;10;17;2;28;23;12;7;
2000/01 SW22 (w/e 03/04);2001-03-04;234;20;35;5;5;;;14;;2;6;45;;24;6;11;61;
2000/01 SW23 (w/e 03/11);2001-03-11;119;13;18;3;1;;;10;;5;6;35;;8;10;1;9;
2000/01 SW24 (w/e 03/18);2001-03-18;69;13;25;;1;;;;;;4;5;4;10;1;2;4;
2000/01 SW25 (w/e 03/25);2001-03-25;61;6;15;4;;;;4;;2;1;4;2;3;11;3;6;
2000/01 SW26 (w/e 04/01);2001-04-01;33;1;12;3;1;;;1;;;2;;;7;1;3;2;
2000/01 SW27 (w/e 04/08);2001-04-08;35;2;5;3;2;;1;2;;6;1;6;1;2;4;;;
2000/01 SW28 (w/e 04/15);2001-04-15;20;;5;;;;;;;;2;1;;3;7;2;;
2000/01 SW29 (w/e 04/22);2001-04-22;19;;2;6;1;;;;;;2;;1;5;1;1;;
2000/01 SW30 (w/e 04/29);2001-04-29;22;;6;13;;;;;;;;;;3;;;;
2000/01 SW31 (w/e 05/06);2001-05-06;10;;1;3;;;;;;;;2;;4;;;;
2000/01 SW32 (w/e 05/13);2001-05-13;7;;1;4;;;;;;;;;;2;;;;
2000/01 SW33 (w/e 05/20);2001-05-20;2;;1;;;;;;;;;;;1;;;;
2000/01 SW34 (w/e 05/27);2001-05-27;2;;;;;;;;;;;;;2;;;;
2000/01 SW35 (w/e 06/03);2001-06-03;2;;1;;;;;;;;;;;1;;;;
2000/01 SW36 (w/e 06/10);2001-06-10;7;;;;;;;;;1;;;;6;;;;
2000/01 SW37 (w/e 06/17);2001-06-17;4;;;;;;;;;;;;;4;;;;
2000/01 SW38 (w/e 06/24);2001-06-24;4;;;;;;;;;;;;;4;;;;
2000/01 SW39 (w/e 07/01);2001-07-01;2;;1;;;;;;;;;;;1;;;;
2000/01 SW40 (w/e 07/08);2001-07-08;3;;1;;;;;;;;;;;2;;;;
2000/01 SW41 (w/e 07/15);2001-07-15;3;;1;;;;;;;;;;;2;;;;
2000/01 SW42 (w/e 07/22);2001-07-22;2;;;;;;;;;;;;;2;;;;
2000/01 SW43 (w/e 07/29);2001-07-29;2;;;;;;;;;;;2;;;;;;
2000/01 SW44 (w/e 08/05);2001-08-05;7;;;;1;;;;;;;;;6;;;;
2000/01 SW45 (w/e 08/12);2001-08-12;3;;;;;;;;;1;;;;2;;;;
2000/01 SW46 (w/e 08/19);2001-08-19;4;;;;;;;;;;;;;4;;;;
2000/01 SW47 (w/e 08/26);2001-08-26;2;;;;;;;;;;;;;2;;;;
2000/01 SW48 (w/e 09/02);2001-09-02;3;;;;;;;1;;1;;;;1;;;;
2000/01 SW49 (w/e 09/09);2001-09-09;7;;1;;;;;;;;;;;6;;;;
2000/01 SW50 (w/e 09/16);2001-09-16;3;;;;;;;;;;;;;3;;;;
2000/01 SW51 (w/e 09/23);2001-09-23;3;;;;;;;;;;1;;;2;;;;
2001/02 SW01 (w/e 10/07);2001-10-07;5;;;;;;;;;;;;;3;;2;;
2001/02 SW02 (w/e 10/14);2001-10-14;6;;;;;;;;;;;;;4;;1;1;
2001/02 SW03 (w/e 10/21);2001-10-21;1;;;;;;;;;;;;;;;1;;
2001/02 SW04 (w/e 10/28);2001-10-28;2;;;;1;;;;;;;;;1;;;;
2001/02 SW05 (w/e 11/04);2001-11-04;7;;;;1;;;;;;;1;;3;;2;;
2001/02 SW06 (w/e 11/11);2001-11-11;8;;;;3;;;;;;;;;5;;;;
2001/02 SW07 (w/e 11/18);2001-11-18;1;;;;;;;;;;1;;;;;;;
2001/02 SW08 (w/e 11/25);2001-11-25;6;;1;;;;;;3;;;;;;;;2;
2001/02 SW09 (w/e 12/02);2001-12-02;1;;;;;;;;;;;;;1;;;;
2001/02 SW10 (w/e 12/09);2001-12-09;4;;1;;;;;;;;;;1;2;;;;
2001/02 SW11 (w/e 12/16);2001-12-16;6;;1;;3;;;;2;;;;;;;;;
2001/02 SW12 (w/e 12/23);2001-12-23;4;;1;;;;;;;;;;;3;;;;
2001/02 SW13 (w/e 12/30);2001-12-30;1;;;;1;;;;;;;;;;;;;
2001/02 SW14 (w/e 01/06);2002-01-06;7;;1;;1;;;;;;;1;;3;;1;;
2001/02 SW15 (w/e 01/13);2002-01-13;9;2;1;;;;;;;;3;;;2;;;1;
2001/02 SW16 (w/e 01/20);2002-01-20;15;6;1;1;;;1;;;;2;;;4;;;;
2001/02 SW17 (w/e 01/27);2002-01-27;61;27;2;3;1;;;1;;8;4;5;;9;;;1;
2001/02 SW18 (w/e 02/03);2002-02-03;65;20;3;2;3;;;2;1;4;10;7;;10;1;1;1;
2001/02 SW19 (w/e 02/10);2002-02-10;91;26;4;2;4;;;3;1;13;8;16;;3;10;;1;
2001/02 SW20 (w/e 02/17);2002-02-17;127;36;13;6;1;;2;6;1;13;9;12;;14;10;;4;
2001/02 SW21 (w/e 02/24);2002-02-24;170;33;29;13;1;;;6;1;22;18;25;1;10;5;1;5;
2001/02 SW22 (w/e 03/03);2002-03-03;252;54;38;8;1;;1;11;2;26;23;22;3;28;23;1;11;
2001/02 SW23 (w/e 03/10);2002-03-10;243;38;37;20;3;1;;17;6;25;16;20;1;35;11;1;12;
2001/02 SW24 (w/e 03/17);2002-03-17;365;72;59;30;6;3;;26;8;37;25;37;;34;5;10;13;
2001/02 SW25 (w/e 03/24);2002-03-24;413;50;75;27;12;1;1;23;16;31;42;33;5;52;20;11;14;
2001/02 SW26 (w/e 03/31);2002-03-31;294;29;43;17;7;;1;7;5;21;19;6;;104;23;2;10;
2001/02 SW27 (w/e 04/07);2002-04-07;174;16;20;5;6;;1;3;4;11;11;11;;34;38;7;7;
2001/02 SW28 (w/e 04/14);2002-04-14;147;7;12;10;1;;;;2;10;11;12;;57;13;7;5;
2001/02 SW29 (w/e 04/21);2002-04-21;93;8;9;1;;;;1;1;2;6;3;;34;17;3;8;
2001/02 SW30 (w/e 04/28);2002-04-28;69;4;12;2;;;;5;;2;2;4;;23;4;1;10;
2001/02 SW31 (w/e 05/05);2002-05-05;43;;6;3;;;;2;;2;2;1;;22;1;2;2;
2001/02 SW32 (w/e 05/12);2002-05-12;29;3;5;;;;;2;;1;;;;14;2;1;1;
2001/02 SW33 (w/e 05/19);2002-05-19;13;1;3;;;;;1;;1;1;;;2;;3;1;
2001/02 SW34 (w/e 05/26);2002-05-26;9;;4;1;;;;;;;;;;;1;2;1;
2001/02 SW35 (w/e 06/02);2002-06-02;7;;2;;;;1;;;;;;;2;;2;;
2001/02 SW36 (w/e 06/09);2002-06-09;3;;;;;;;;;;1;;;1;;1;;
2001/02 SW37 (w/e 06/16);2002-06-16;2;;;;;;;;;;;;;2;;;;
2001/02 SW38 (w/e 06/23);2002-06-23;3;;;;1;;;;;;;;;2;;;;
2001/02 SW39 (w/e 06/30);2002-06-30;1;;;;;;;1;;;;;;;;;;
2001/02 SW40 (w/e 07/07);2002-07-07;3;;;;2;;;;;;;1;;;;;;
2001/02 SW41 (w/e 07/14);2002-07-14;3;;;;1;;;;;;;;;2;;;;
2001/02 SW42 (w/e 07/21);2002-07-21;1;;;;1;;;;;;;;;;;;;
2001/02 SW46 (w/e 08/18);2002-08-18;1;;;;1;;;;;;;;;;;;;
2001/02 SW48 (w/e 09/01);2002-09-01;1;;;;;;;;;;;;;1;;;;
2001/02 SW50 (w/e 09/15);2002-09-15;2;;;;1;;;;;;;;1;;;;;
2001/02 SW51 (w/e 09/22);2002-09-22;2;;;;1;;;;;;;1;;;;;;
2001/02 SW52 (w/e 09/29);2002-09-29;1;;;;1;;;;;;;;;;;;;
2002/03 SW01 (w/e 10/06);2002-10-06;1;;;;1;;;;;;;;;;;;;
2002/03 SW03 (w/e 10/20);2002-10-20;2;;2;;;;;;;;;;;;;;;
2002/03 SW04 (w/e 10/27);2002-10-27;4;2;1;;1;;;;;;;;;;;;;
2002/03 SW05 (w/e 11/03);2002-11-03;5;;2;2;;;;;;;1;;;;;;;
2002/03 SW06 (w/e 11/10);2002-11-10;6;1;;;1;;;;;1;;1;;2;;;;
2002/03 SW07 (w/e 11/17);2002-11-17;3;;;1;1;;;;;;;;;1;;;;
2002/03 SW09 (w/e 12/01);2002-12-01;1;;1;;;;;;;;;;;;;;;
2002/03 SW10 (w/e 12/08);2002-12-08;5;1;;2;1;;;;;;;;;1;;;;
2002/03 SW11 (w/e 12/15);2002-12-15;1;1;;;;;;;;;;;;;;;;
2002/03 SW12 (w/e 12/22);2002-12-22;5;;;;2;;;;;1;1;;;1;;;;
2002/03 SW13 (w/e 12/29);2002-12-29;2;;;;;;;;;;1;;;;;;1;
2002/03 SW14 (w/e 01/05);2003-01-05;1;;;;1;;;;;;;;;;;;;
2002/03 SW15 (w/e 01/12);2003-01-12;7;;1;;1;;;1;1;1;1;;;1;;;;
2002/03 SW16 (w/e 01/19);2003-01-19;20;5;9;3;1;;;;;1;;;;;;1;;
2002/03 SW17 (w/e 01/26);2003-01-26;70;12;28;;2;;;;;3;4;10;;3;2;4;2;
2002/03 SW18 (w/e 02/02);2003-02-02;148;22;62;6;;;;2;3;6;5;17;;8;;11;6;
2002/03 SW19 (w/e 02/09);2003-02-09;303;62;98;22;4;5;2;2;2;28;19;9;;11;6;20;13;
2002/03 SW20 (w/e 02/16);2003-02-16;447;76;109;18;2;6;2;11;5;50;16;66;;22;18;27;19;
2002/03 SW21 (w/e 02/23);2003-02-23;1014;189;291;35;21;12;9;20;3;50;40;136;;84;34;66;24;
2002/03 SW22 (w/e 03/02);2003-03-02;1388;204;366;108;41;18;;41;21;113;74;95;4;80;95;73;55;
2002/03 SW23 (w/e 03/09);2003-03-09;1556;148;409;111;48;30;1;56;24;134;93;102;4;182;114;46;54;
2002/03 SW24 (w/e 03/16);2003-03-16;1387;65;284;138;47;24;2;58;48;96;86;88;3;258;84;40;66;
2002/03 SW25 (w/e 03/23);2003-03-23;994;53;92;80;36;20;;43;17;63;53;58;4;332;63;29;51;
2002/03 SW26 (w/e 03/30);2003-03-30;611;32;65;42;15;12;1;16;5;40;43;46;2;203;58;8;23;
2002/03 SW27 (w/e 04/06);2003-04-06;322;30;29;25;9;11;;13;6;30;25;17;;94;15;6;12;
2002/03 SW28 (w/e 04/13);2003-04-13;143;4;19;6;1;14;;2;3;13;12;7;;46;11;;5;
2002/03 SW29 (w/e 04/20);2003-04-20;77;3;15;3;2;4;1;4;1;4;8;1;;23;4;1;3;
2002/03 SW30 (w/e 04/27);2003-04-27;46;6;6;;;;;1;;1;1;2;2;24;2;;1;
2002/03 SW31 (w/e 05/04);2003-05-04;19;;1;;1;3;;;;2;;2;;5;1;;4;
2002/03 SW32 (w/e 05/11);2003-05-11;15;;5;1;1;1;;1;;;;2;;1;1;;2;
2002/03 SW33 (w/e 05/18);2003-05-18;7;;;;;;;1;;2;1;1;;1;;1;;
2002/03 SW34 (w/e 05/25);2003-05-25;11;;;3;;;;4;;;;;;2;;;2;
2002/03 SW35 (w/e 06/01);2003-06-01;7;;;2;;;;1;;1;;2;;;;;1;
2002/03 SW36 (w/e 06/08);2003-06-08;1;;;;;;;;;;;;;;;1;;
2002/03 SW37 (w/e 06/15);2003-06-15;1;;;1;;;;;;;;;;;;;;
2002/03 SW38 (w/e 06/22);2003-06-22;1;;;;1;;;;;;;;;;;;;
2002/03 SW39 (w/e 06/29);2003-06-29;1;;;1;;;;;;;;;;;;;;
2002/03 SW40 (w/e 07/06);2003-07-06;1;;;;1;;;;;;;;;;;;;
2002/03 SW41 (w/e 07/13);2003-07-13;1;;;;1;;;;;;;;;;;;;
2002/03 SW43 (w/e 07/27);2003-07-27;2;;1;;1;;;;;;;;;;;;;
2002/03 SW44 (w/e 08/03);2003-08-03;2;;;;;;;1;;;1;;;;;;;
2002/03 SW47 (w/e 08/24);2003-08-24;2;;;;;;;;;;;2;;;;;;
2002/03 SW48 (w/e 08/31);2003-08-31;1;;;;1;;;;;;;;;;;;;
2002/03 SW49 (w/e 09/07);2003-09-07;3;;;1;1;;;1;;;;;;;;;;
2002/03 SW50 (w/e 09/14);2003-09-14;3;;;;3;;;;;;;;;;;;;
2002/03 SW51 (w/e 09/21);2003-09-21;9;;;;;9;;;;;;;;;;;;
2002/03 SW52 (w/e 09/28);2003-09-28;2;;;;;2;;;;;;;;;;;;
2003/04 SW01 (w/e 10/05);2003-10-05;4;;;;;2;;2;;;;;;;;;;
2003/04 SW02 (w/e 10/12);2003-10-12;1;;;;1;;;;;;;;;;;;;
2003/04 SW03 (w/e 10/19);2003-10-19;4;;;;;;;3;;;1;;;;;;;
2003/04 SW04 (w/e 10/26);2003-10-26;7;;;2;;;;2;;2;;;;;;;1;
2003/04 SW05 (w/e 11/02);2003-11-02;9;2;;;2;2;;2;;;;;;;;;1;
2003/04 SW06 (w/e 11/09);2003-11-09;11;1;;3;2;1;;3;;;;;;1;;;;
2003/04 SW07 (w/e 11/16);2003-11-16;9;2;;1;;1;;;;1;;3;;1;;;;
2003/04 SW08 (w/e 11/23);2003-11-23;15;1;;4;2;2;;;;;1;4;;1;;;;
2003/04 SW09 (w/e 11/30);2003-11-30;20;2;;;;;;3;;;;11;1;;1;1;1;
2003/04 SW10 (w/e 12/07);2003-12-07;35;11;4;1;;;;1;2;;3;9;;3;1;;;
2003/04 SW11 (w/e 12/14);2003-12-14;78;8;8;2;3;;;2;;1;6;19;;3;25;1;;
2003/04 SW12 (w/e 12/21);2003-12-21;104;14;10;;1;;;1;;1;14;36;;4;19;3;1;
2003/04 SW13 (w/e 12/28);2003-12-28;61;9;4;1;;3;;3;;2;3;16;1;1;16;2;;
2003/04 SW14 (w/e 01/04);2004-01-04;72;11;6;2;2;;;2;;2;12;27;;2;5;1;;
2003/04 SW15 (w/e 01/11);2004-01-11;105;8;7;2;1;;;5;2;12;6;45;;5;8;1;3;
2003/04 SW16 (w/e 01/18);2004-01-18;211;38;19;9;6;1;;8;1;15;29;37;4;24;6;13;1;
2003/04 SW17 (w/e 01/25);2004-01-25;268;53;48;8;4;1;;11;2;24;22;36;6;35;9;5;4;
2003/04 SW18 (w/e 02/01);2004-02-01;356;35;38;26;5;3;1;17;1;44;32;48;2;68;26;5;5;
2003/04 SW19 (w/e 02/08);2004-02-08;483;48;53;10;27;9;3;11;7;49;21;51;2;138;43;6;5;
2003/04 SW20 (w/e 02/15);2004-02-15;441;55;81;17;7;10;;22;5;43;29;34;2;82;43;6;5;
2003/04 SW21 (w/e 02/22);2004-02-22;370;38;71;14;5;20;2;10;3;52;9;36;;84;15;8;3;
2003/04 SW22 (w/e 02/29);2004-02-29;243;40;51;14;4;10;2;9;1;28;15;18;1;34;8;4;4;
2003/04 SW23 (w/e 03/07);2004-03-07;256;37;50;9;7;9;;9;4;24;12;26;2;47;9;5;6;
2003/04 SW24 (w/e 03/14);2004-03-14;240;39;25;10;9;;1;8;1;23;28;28;2;30;20;9;7;
2003/04 SW25 (w/e 03/21);2004-03-21;208;35;14;11;9;;12;4;7;40;11;16;;25;13;6;5;
2003/04 SW26 (w/e 03/28);2004-03-28;125;20;25;10;1;3;1;1;5;18;7;9;;8;12;3;2;
2003/04 SW27 (w/e 04/04);2004-04-04;59;11;5;2;;1;;2;;7;2;9;;10;4;2;4;
2003/04 SW28 (w/e 04/11);2004-04-11;22;7;2;;3;;;1;;;2;3;;1;;1;2;
2003/04 SW29 (w/e 04/18);2004-04-18;12;1;1;;2;;;3;;;1;;;2;2;;;
2003/04 SW30 (w/e 04/25);2004-04-25;14;6;1;;1;;;;;3;;;;2;;1;;
2003/04 SW31 (w/e 05/02);2004-05-02;10;2;;;4;;;;;;;;;2;;2;;
2003/04 SW32 (w/e 05/09);2004-05-09;8;;;1;4;;;;1;;;;;1;;1;;
2003/04 SW33 (w/e 05/16);2004-05-16;6;;;;6;;;;;;;;;;;;;
2003/04 SW35 (w/e 05/30);2004-05-30;3;;;;1;;;;;1;;;;;1;;;
2003/04 SW37 (w/e 06/13);2004-06-13;2;;;;2;;;;;;;;;;;;;
2003/04 SW38 (w/e 06/20);2004-06-20;2;;;;2;;;;;;;;;;;;;
2003/04 SW39 (w/e 06/27);2004-06-27;1;;;;1;;;;;;;;;;;;;
2003/04 SW40 (w/e 07/04);2004-07-04;3;;;;1;;;;;2;;;;;;;;
2003/04 SW41 (w/e 07/11);2004-07-11;2;;;;2;;;;;;;;;;;;;
2003/04 SW42 (w/e 07/18);2004-07-18;2;;;;1;;;;;;;;;1;;;;
2003/04 SW43 (w/e 07/25);2004-07-25;1;;;;1;;;;;;;;;;;;;
2003/04 SW44 (w/e 08/01);2004-08-01;1;;;;1;;;;;;;;;;;;;
2003/04 SW45 (w/e 08/08);2004-08-08;1;1;;;;;;;;;;;;;;;;
2003/04 SW47 (w/e 08/22);2004-08-22;3;;;1;2;;;;;;;;;;;;;
2003/04 SW48 (w/e 08/29);2004-08-29;1;;;1;;;;;;;;;;;;;;
2003/04 SW49 (w/e 09/05);2004-09-05;2;;;;2;;;;;;;;;;;;;
2003/04 SW50 (w/e 09/12);2004-09-12;2;;;1;1;;;;;;;;;;;;;
2003/04 SW51 (w/e 09/19);2004-09-19;2;;;;2;;;;;;;;;;;;;
2003/04 SW52 (w/e 09/26);2004-09-26;1;;;;;;;;;;;;;1;;;;
2004/05 SW01 (w/e 10/03);2004-10-03;3;;;1;1;;;;;;;;;1;;;;
2004/05 SW02 (w/e 10/10);2004-10-10;2;;;1;1;;;;;;;;;;;;;
2004/05 SW03 (w/e 10/17);2004-10-17;4;;1;1;2;;;;;;;;;;;;;
2004/05 SW04 (w/e 10/24);2004-10-24;4;;1;1;2;;;;;;;;;;;;;
2004/05 SW05 (w/e 10/31);2004-10-31;7;;;;3;1;;;;;;;;3;;;;
2004/05 SW06 (w/e 11/07);2004-11-07;3;;;;3;;;;;;;;;;;;;
2004/05 SW07 (w/e 11/14);2004-11-14;3;1;;;2;;;;;;;;;;;;;
2004/05 SW08 (w/e 11/21);2004-11-21;3;;;;2;;;;;;;;;;;;1;
2004/05 SW09 (w/e 11/28);2004-11-28;3;;;;2;;;1;;;;;;;;;;
2004/05 SW10 (w/e 12/05);2004-12-05;7;1;1;1;2;2;;;;;;;;;;;;
2004/05 SW11 (w/e 12/12);2004-12-12;9;;1;4;1;1;;;;;1;;;1;;;;
2004/05 SW12 (w/e 12/19);2004-12-19;13;1;2;2;1;1;;;;;1;1;;1;;;3;
2004/05 SW13 (w/e 12/26);2004-12-26;21;7;5;3;;;;;;1;1;1;1;1;;;1;
2004/05 SW14 (w/e 01/02);2005-01-02;26;7;7;8;;;;;1;2;1;;;;;;;
2004/05 SW15 (w/e 01/09);2005-01-09;30;8;4;4;3;;;2;;;4;1;;2;;;2;
2004/05 SW16 (w/e 01/16);2005-01-16;42;8;8;7;5;;;;;1;2;6;;5;;;;
2004/05 SW17 (w/e 01/23);2005-01-23;81;21;16;11;3;;1;1;;4;1;8;;8;;4;3;
2004/05 SW18 (w/e 01/30);2005-01-30;185;37;51;17;7;4;;;3;24;8;14;;11;;5;4;
2004/05 SW19 (w/e 02/06);2005-02-06;432;142;87;9;8;5;1;7;;76;27;30;1;27;2;4;6;
2004/05 SW20 (w/e 02/13);2005-02-13;679;183;142;33;24;20;3;7;;103;47;49;;45;2;10;11;
2004/05 SW21 (w/e 02/20);2005-02-20;1052;235;164;43;55;18;1;20;12;170;81;125;4;66;16;21;21;
2004/05 SW22 (w/e 02/27);2005-02-27;1679;255;294;67;69;5;20;50;13;309;103;197;3;133;48;50;63;
2004/05 SW23 (w/e 03/06);2005-03-06;2098;334;366;83;59;13;18;48;28;358;76;185;6;313;77;55;79;
2004/05 SW24 (w/e 03/13);2005-03-13;2169;266;386;96;53;12;16;49;35;317;80;198;7;429;83;52;90;
2004/05 SW25 (w/e 03/20);2005-03-20;2309;262;338;91;58;9;12;33;27;303;51;135;10;677;146;66;91;
2004/05 SW26 (w/e 03/27);2005-03-27;1235;106;145;54;43;7;1;13;17;119;30;68;4;464;77;46;41;
2004/05 SW27 (w/e 04/03);2005-04-03;518;33;73;20;16;1;;8;6;52;13;30;;194;42;20;10;
2004/05 SW28 (w/e 04/10);2005-04-10;243;16;23;4;8;;;1;1;27;3;8;;104;15;23;10;
2004/05 SW29 (w/e 04/17);2005-04-17;98;3;6;6;4;;;1;;23;1;8;;31;5;6;4;
2004/05 SW30 (w/e 04/24);2005-04-24;53;2;4;2;2;;1;2;;16;2;4;;9;4;5;;
2004/05 SW31 (w/e 05/01);2005-05-01;27;;;3;2;;;;;9;;;;7;4;2;;
2004/05 SW32 (w/e 05/08);2005-05-08;15;3;;1;1;;;;;3;;;;2;5;;;
2004/05 SW33 (w/e 05/15);2005-05-15;15;;1;3;;;;;;7;;2;;1;;1;;
2004/05 SW34 (w/e 05/22);2005-05-22;17;;;;2;;;;;1;;;;1;13;;;
2004/05 SW35 (w/e 05/29);2005-05-29;67;1;;1;2;;;;;2;;;;;60;1;;
2004/05 SW36 (w/e 06/05);2005-06-05;7;;;;3;;;1;;;2;;;;1;;;
2004/05 SW37 (w/e 06/12);2005-06-12;8;;;;3;;;;;4;;;;;;1;;
2004/05 SW38 (w/e 06/19);2005-06-19;1;;;;1;;;;;;;;;;;;;
2004/05 SW39 (w/e 06/26);2005-06-26;2;;;;1;;;;;;;1;;;;;;
2004/05 SW40 (w/e 07/03);2005-07-03;1;;;;1;;;;;;;;;;;;;
2004/05 SW41 (w/e 07/10);2005-07-10;1;;;;;;;;;1;;;;;;;;
2004/05 SW42 (w/e 07/17);2005-07-17;3;;;3;;;;;;;;;;;;;;
2004/05 SW44 (w/e 07/31);2005-07-31;2;;;;1;;;;;;;;;;1;;;
2004/05 SW46 (w/e 08/14);2005-08-14;1;;;;1;;;;;;;;;;;;;
2004/05 SW47 (w/e 08/21);2005-08-21;1;;;1;;;;;;;;;;;;;;
2004/05 SW48 (w/e 08/28);2005-08-28;1;;;;;;;;;;;;;;1;;;
2004/05 SW51 (w/e 09/18);2005-09-18;2;1;;;1;;;;;;;;;;;;;
2004/05 SW52 (w/e 09/25);2005-09-25;7;1;;1;2;;;;;;;;;3;;;;
2004/05 SW53 (w/e 10/02);2005-10-02;4;;;1;;;;;;2;;1;;;;;;
2005/06 SW01 (w/e 10/09);2005-10-09;3;;;;1;;;;;1;;;;;1;;;
2005/06 SW03 (w/e 10/23);2005-10-23;4;2;1;;;;;;;1;;;;;;;;
2005/06 SW04 (w/e 10/30);2005-10-30;1;1;;;;;;;;;;;;;;;;
2005/06 SW05 (w/e 11/06);2005-11-06;8;;2;1;3;;;;;;2;;;;;;;
2005/06 SW06 (w/e 11/13);2005-11-13;6;1;1;;2;;;;;1;1;;;;;;;
2005/06 SW07 (w/e 11/20);2005-11-20;6;;1;;1;;;;;1;;2;;;1;;;
2005/06 SW08 (w/e 11/27);2005-11-27;6;1;1;;1;;;;;;1;;;;;1;1;
2005/06 SW09 (w/e 12/04);2005-12-04;8;;3;;2;;;;1;;1;;;1;;;;
2005/06 SW10 (w/e 12/11);2005-12-11;7;1;2;1;2;;;;;1;;;;;;;;
2005/06 SW11 (w/e 12/18);2005-12-18;10;6;2;;1;;;;;1;;;;;;;;
2005/06 SW12 (w/e 12/25);2005-12-25;6;1;2;;1;;;;;;;1;;1;;;;
2005/06 SW13 (w/e 01/01);2006-01-01;1;;;;;;;;;;;1;;;;;;
2005/06 SW14 (w/e 01/08);2006-01-08;3;1;1;;;;;;;1;;;;;;;;
2005/06 SW15 (w/e 01/15);2006-01-15;16;2;3;;2;;1;;;5;;;1;1;1;;;
2005/06 SW16 (w/e 01/22);2006-01-22;13;2;5;;;;;;;;;1;;3;1;;1;
2005/06 SW17 (w/e 01/29);2006-01-29;10;2;2;;1;;;;;3;;1;;;1;;;
2005/06 SW18 (w/e 02/05);2006-02-05;30;9;11;;;1;;;;5;4;;;;;;;
2005/06 SW19 (w/e 02/12);2006-02-12;53;17;3;1;2;1;1;1;;9;3;2;3;5;2;3;;
2005/06 SW20 (w/e 02/19);2006-02-19;52;10;12;3;1;;;;;10;3;4;2;3;4;;;
2005/06 SW21 (w/e 02/26);2006-02-26;104;18;28;3;1;;;2;1;18;10;4;4;3;9;2;1;
2005/06 SW22 (w/e 03/05);2006-03-05;131;18;31;5;3;2;1;1;;18;14;7;1;3;13;5;9;
2005/06 SW23 (w/e 03/12);2006-03-12;213;23;41;5;6;2;;6;2;39;27;11;2;7;13;16;13;
2005/06 SW24 (w/e 03/19);2006-03-19;378;29;91;15;8;1;2;5;;67;47;28;4;19;13;31;18;
2005/06 SW25 (w/e 03/26);2006-03-26;553;43;86;21;12;1;2;17;3;134;50;52;3;30;33;52;14;
2005/06 SW26 (w/e 04/02);2006-04-02;746;76;196;57;7;5;7;12;6;121;66;72;4;39;51;20;7;
2005/06 SW27 (w/e 04/09);2006-04-09;661;44;212;59;30;5;7;21;5;70;30;42;;56;52;21;7;
2005/06 SW28 (w/e 04/16);2006-04-16;384;24;109;35;8;4;11;9;2;39;18;32;;34;43;10;6;
2005/06 SW29 (w/e 04/23);2006-04-23;229;16;67;17;3;;2;1;1;25;5;27;;31;25;6;3;
2005/06 SW30 (w/e 04/30);2006-04-30;121;11;26;11;4;;6;;1;9;6;9;;14;15;8;1;
2005/06 SW31 (w/e 05/07);2006-05-07;59;2;12;6;;;1;1;;12;1;4;;8;6;2;4;
2005/06 SW32 (w/e 05/14);2006-05-14;49;;24;4;1;;;;;16;;;;1;1;;2;
2005/06 SW33 (w/e 05/21);2006-05-21;15;;5;1;;;;;;2;1;1;1;;4;;;
2005/06 SW34 (w/e 05/28);2006-05-28;7;;2;;1;;;;;;1;;;;1;1;1;
2005/06 SW35 (w/e 06/04);2006-06-04;11;1;3;;2;;;1;;;1;1;;;1;;1;
2005/06 SW36 (w/e 06/11);2006-06-11;3;;;;;;;;;1;;;;;;;2;
2005/06 SW37 (w/e 06/18);2006-06-18;2;;;;;;;;;1;;1;;;;;;
2005/06 SW38 (w/e 06/25);2006-06-25;1;;1;;;;;;;;;;;;;;;
2005/06 SW39 (w/e 07/02);2006-07-02;1;;1;;;;;;;;;;;;;;;
2005/06 SW40 (w/e 07/09);2006-07-09;3;1;;;1;;;;;;1;;;;;;;
2005/06 SW41 (w/e 07/16);2006-07-16;1;;;;1;;;;;;;;;;;;;
2005/06 SW42 (w/e 07/23);2006-07-23;2;;1;;1;;;;;;;;;;;;;
2005/06 SW43 (w/e 07/30);2006-07-30;1;;;;1;;;;;;;;;;;;;
2005/06 SW44 (w/e 08/06);2006-08-06;1;1;;;;;;;;;;;;;;;;
2005/06 SW45 (w/e 08/13);2006-08-13;1;;;;1;;;;;;;;;;;;;
2005/06 SW46 (w/e 08/20);2006-08-20;3;;3;;;;;;;;;;;;;;;
2005/06 SW47 (w/e 08/27);2006-08-27;2;;1;;;;;;;1;;;;;;;;
2005/06 SW48 (w/e 09/03);2006-09-03;1;;;;1;;;;;;;;;;;;;
2005/06 SW49 (w/e 09/10);2006-09-10;1;;;;1;;;;;;;;;;;;;
2005/06 SW50 (w/e 09/17);2006-09-17;1;;;;1;;;;;;;;;;;;;
2005/06 SW52 (w/e 10/01);2006-10-01;1;;;1;;;;;;;;;;;;;;
2006/07 SW01 (w/e 10/08);2006-10-08;2;;;;;;;;;;;;;;1;1;;
2006/07 SW03 (w/e 10/22);2006-10-22;3;1;;1;1;;;;;;;;;;;;;
2006/07 SW04 (w/e 10/29);2006-10-29;4;;;;1;;;1;;;;1;;1;;;;
2006/07 SW05 (w/e 11/05);2006-11-05;4;;;;1;;1;;;;;;;1;;;1;
2006/07 SW06 (w/e 11/12);2006-11-12;3;1;;;;;;;;1;1;;;;;;;
2006/07 SW07 (w/e 11/19);2006-11-19;4;;1;;1;;;;;1;;1;;;;;;
2006/07 SW08 (w/e 11/26);2006-11-26;2;1;;;;;;;1;;;;;;;;;
2006/07 SW09 (w/e 12/03);2006-12-03;3;1;;;;;;;;;;1;;1;;;;
2006/07 SW10 (w/e 12/10);2006-12-10;4;2;;;;;;;1;;;1;;;;;;
2006/07 SW11 (w/e 12/17);2006-12-17;2;;1;;;;;1;;;;;;;;;;
2006/07 SW12 (w/e 12/24);2006-12-24;14;2;2;;;;;;1;3;1;5;;;;;;
2006/07 SW13 (w/e 12/31);2006-12-31;7;1;;;;;;;;2;;1;;3;;;;
2006/07 SW14 (w/e 01/07);2007-01-07;14;2;;1;;2;;1;;2;1;5;;;;;;
2006/07 SW15 (w/e 01/14);2007-01-14;33;7;8;1;1;;;1;;1;2;9;;2;;;1;
2006/07 SW16 (w/e 01/21);2007-01-21;74;25;7;2;2;1;1;;1;11;;16;;6;1;;1;
2006/07 SW17 (w/e 01/28);2007-01-28;149;39;28;5;5;;;2;9;8;5;35;;6;4;1;2;
2006/07 SW18 (w/e 02/04);2007-02-04;348;94;69;17;2;2;6;17;11;17;15;58;;26;4;3;7;
2006/07 SW19 (w/e 02/11);2007-02-11;927;232;253;23;17;9;27;30;16;76;54;124;2;37;4;8;15;
2006/07 SW20 (w/e 02/18);2007-02-18;1659;377;418;58;30;5;35;53;48;164;121;188;1;111;5;22;23;
2006/07 SW21 (w/e 02/25);2007-02-25;2413;388;641;91;73;12;39;93;70;303;178;209;2;117;52;28;117;
2006/07 SW22 (w/e 03/04);2007-03-04;3542;449;816;210;120;21;16;130;151;324;359;302;9;257;148;37;193;
2006/07 SW23 (w/e 03/11);2007-03-11;3617;375;675;315;135;17;37;100;189;444;359;237;6;324;157;88;159;
2006/07 SW24 (w/e 03/18);2007-03-18;2726;248;517;173;97;13;16;61;106;268;267;175;22;363;149;98;153;
2006/07 SW25 (w/e 03/25);2007-03-25;1698;181;315;87;36;6;2;33;41;192;154;95;10;266;126;40;113;1
2006/07 SW26 (w/e 04/01);2007-04-01;1267;101;159;90;51;3;2;27;39;180;82;68;1;249;121;35;59;
2006/07 SW27 (w/e 04/08);2007-04-08;459;33;60;22;53;;2;13;11;47;31;24;1;94;16;13;39;
2006/07 SW28 (w/e 04/15);2007-04-15;180;7;33;11;15;;1;1;;23;12;7;;24;17;10;19;
2006/07 SW29 (w/e 04/22);2007-04-22;109;6;18;5;2;;2;2;2;20;6;3;;32;4;4;3;
2006/07 SW30 (w/e 04/29);2007-04-29;33;2;7;2;1;;;4;;5;;3;;7;;1;1;
2006/07 SW31 (w/e 05/06);2007-05-06;18;1;1;1;;1;;1;;1;1;1;;9;1;;;
2006/07 SW32 (w/e 05/13);2007-05-13;5;;;;3;;;;;;;1;;;1;;;
2006/07 SW33 (w/e 05/20);2007-05-20;2;1;;;;;;;;;1;;;;;;;
2006/07 SW34 (w/e 05/27);2007-05-27;3;;2;1;;;;;;;;;;;;;;
2006/07 SW35 (w/e 06/03);2007-06-03;3;1;2;;;;;;;;;;;;;;;
2006/07 SW36 (w/e 06/10);2007-06-10;1;;;;;;;;;;;1;;;;;;
2006/07 SW37 (w/e 06/17);2007-06-17;2;1;1;;;;;;;;;;;;;;;
2006/07 SW38 (w/e 06/24);2007-06-24;3;1;;1;;;;;;;;;;1;;;;
2006/07 SW39 (w/e 07/01);2007-07-01;6;;;;;;;;;5;;;;1;;;;
2006/07 SW40 (w/e 07/08);2007-07-08;2;;;;;;;;;1;1;;;;;;;
2006/07 SW41 (w/e 07/15);2007-07-15;1;;;;;;;1;;;;;;;;;;
2006/07 SW42 (w/e 07/22);2007-07-22;3;1;;;2;;;;;;;;;;;;;
2006/07 SW43 (w/e 07/29);2007-07-29;4;1;;;1;;;;;;1;;;;;;1;
2006/07 SW45 (w/e 08/12);2007-08-12;1;;;;;;;;;;;;;;1;;;
2006/07 SW47 (w/e 08/26);2007-08-26;2;;;;;;;1;;;;1;;;;;;
2006/07 SW48 (w/e 09/02);2007-09-02;4;;;;1;;;;;;1;;;;;2;;
2006/07 SW49 (w/e 09/09);2007-09-09;1;1;;;;;;;;;;;;;;;;
2006/07 SW50 (w/e 09/16);2007-09-16;4;1;1;;;;;;;;1;;;;;;1;
2006/07 SW51 (w/e 09/23);2007-09-23;5;;;;;;;;;;;;;4;;;1;
2006/07 SW52 (w/e 09/30);2007-09-30;2;;1;;;;;;;1;;;;;;;;
2007/08 SW01 (w/e 10/07);2007-10-07;4;;;;2;;;;;;;;1;;;;1;
2007/08 SW02 (w/e 10/14);2007-10-14;1;;;;;;;;;;;1;;;;;;
2007/08 SW03 (w/e 10/21);2007-10-21;2;;1;;;;;;;;;;;;;;1;
2007/08 SW04 (w/e 10/28);2007-10-28;2;;;1;;;;1;;;;;;;;;;
2007/08 SW05 (w/e 11/04);2007-11-04;2;;;;;;;;;1;;;;1;;;;
2007/08 SW06 (w/e 11/11);2007-11-11;11;;3;;;;;;;;;;1;6;;;1;
2007/08 SW07 (w/e 11/18);2007-11-18;4;;;;;;;;;1;;;1;;1;;1;
2007/08 SW08 (w/e 11/25);2007-11-25;12;;3;;;;;;;2;;;;4;;;3;
2007/08 SW09 (w/e 12/02);2007-12-02;12;;9;1;;;;;;1;;;;1;;;;
2007/08 SW10 (w/e 12/09);2007-12-09;9;;3;1;1;;;;;;;;;2;1;;1;
2007/08 SW11 (w/e 12/16);2007-12-16;40;1;26;2;2;;1;;;;;;;2;5;;1;
2007/08 SW12 (w/e 12/23);2007-12-23;58;3;32;1;1;;;1;3;4;2;1;;3;3;;4;
2007/08 SW13 (w/e 12/30);2007-12-30;40;6;18;2;;1;1;;;4;1;4;;1;2;;;
2007/08 SW14 (w/e 01/06);2008-01-06;36;3;23;;;1;;;;3;2;1;;3;;;;
2007/08 SW15 (w/e 01/13);2008-01-13;177;40;72;5;7;1;;1;;9;7;7;3;11;9;2;3;
2007/08 SW16 (w/e 01/20);2008-01-20;518;97;218;35;;2;4;5;2;31;25;15;2;44;20;2;16;
2007/08 SW17 (w/e 01/27);2008-01-27;1093;193;432;81;11;;38;26;6;63;41;62;6;79;29;4;22;
2007/08 SW18 (w/e 02/03);2008-02-03;1513;209;597;63;38;3;15;47;31;81;117;135;7;97;24;25;24;
2007/08 SW19 (w/e 02/10);2008-02-10;1488;256;356;78;36;4;48;61;23;101;149;177;3;103;22;29;42;
2007/08 SW20 (w/e 02/17);2008-02-17;1707;298;365;94;40;2;21;71;20;130;216;220;20;96;29;47;38;
2007/08 SW21 (w/e 02/24);2008-02-24;1771;256;392;94;71;10;37;68;24;138;238;190;6;87;53;39;68;
2007/08 SW22 (w/e 03/02);2008-03-02;1948;310;504;76;42;5;30;72;50;148;227;151;14;133;78;26;82;
2007/08 SW23 (w/e 03/09);2008-03-09;1328;169;377;54;41;13;24;33;39;122;117;108;7;79;56;24;64;1
2007/08 SW24 (w/e 03/16);2008-03-16;1050;174;245;40;35;7;12;28;27;85;96;60;5;110;79;9;38;
2007/08 SW25 (w/e 03/23);2008-03-23;590;97;134;23;30;2;19;15;17;34;36;32;;66;38;9;38;
2007/08 SW26 (w/e 03/30);2008-03-30;323;44;67;3;9;1;5;8;12;28;28;17;;49;35;4;13;
2007/08 SW27 (w/e 04/06);2008-04-06;296;28;64;12;3;1;4;11;17;24;13;14;1;47;41;3;13;
2007/08 SW28 (w/e 04/13);2008-04-13;164;17;33;13;4;;1;11;5;12;15;;;19;25;1;8;
2007/08 SW29 (w/e 04/20);2008-04-20;178;10;62;2;3;;2;1;11;11;11;6;3;26;25;1;4;
2007/08 SW30 (w/e 04/27);2008-04-27;92;9;8;4;2;3;2;;3;14;7;2;1;20;9;2;6;
2007/08 SW31 (w/e 05/04);2008-05-04;126;5;6;15;;;;3;54;6;10;15;;4;3;4;1;
2007/08 SW32 (w/e 05/11);2008-05-11;29;1;3;;1;;;;;4;4;1;;5;6;2;2;
2007/08 SW33 (w/e 05/18);2008-05-18;9;;1;;;;;;;1;1;;;1;1;3;1;
2007/08 SW34 (w/e 05/25);2008-05-25;12;;1;;;;1;;;3;;3;;3;1;;;
2007/08 SW35 (w/e 06/01);2008-06-01;4;;;;1;;;;;;;1;;1;;1;;
2007/08 SW36 (w/e 06/08);2008-06-08;3;;;;;;;;;;;;;1;1;1;;
2007/08 SW37 (w/e 06/15);2008-06-15;4;;;;;;;;;1;;1;;2;;;;
2007/08 SW39 (w/e 06/29);2008-06-29;3;;;;;;;;;1;1;;;1;;;;
2007/08 SW40 (w/e 07/06);2008-07-06;2;;2;;;;;;;;;;;;;;;
2007/08 SW41 (w/e 07/13);2008-07-13;1;;;;;;;;;;1;;;;;;;
2007/08 SW42 (w/e 07/20);2008-07-20;1;;;;;;;;;;;;;;;;1;
2007/08 SW43 (w/e 07/27);2008-07-27;3;;;;1;;;;;1;1;;;;;;;
2007/08 SW46 (w/e 08/17);2008-08-17;2;;;;;;;;;;;;;1;;;1;
2007/08 SW47 (w/e 08/24);2008-08-24;1;1;;;;;;;;;;;;;;;;
2007/08 SW49 (w/e 09/07);2008-09-07;4;1;2;;;;;;;;1;;;;;;;
2007/08 SW50 (w/e 09/14);2008-09-14;1;;;;;;;;;;;;;;1;;;
2007/08 SW51 (w/e 09/21);2008-09-21;3;1;;;;;;;;1;1;;;;;;;
2007/08 SW52 (w/e 09/28);2008-09-28;3;;;;;;;;;1;;;;1;;;1;
2008/09 SW01 (w/e 10/05);2008-10-05;3;;1;;;;1;;1;;;;;;;;;
2008/09 SW02 (w/e 10/12);2008-10-12;6;1;1;;;;;;;;;2;;2;;;;
2008/09 SW03 (w/e 10/19);2008-10-19;6;1;1;;;;;;1;;1;;;;;;2;
2008/09 SW04 (w/e 10/26);2008-10-26;8;;3;;;;;;3;;1;;;;;1;;
2008/09 SW05 (w/e 11/02);2008-11-02;8;;4;;1;;;;1;1;;1;;;;;;
2008/09 SW06 (w/e 11/09);2008-11-09;5;;4;;;;;;;;;;;;;1;;
2008/09 SW07 (w/e 11/16);2008-11-16;7;2;2;;;;;;;2;;;;1;;;;
2008/09 SW08 (w/e 11/23);2008-11-23;15;;10;;;;;;1;1;;;;;1;;2;
2008/09 SW09 (w/e 11/30);2008-11-30;12;;5;;;;;;;4;1;;;;;1;1;
2008/09 SW10 (w/e 12/07);2008-12-07;97;2;54;5;3;;;2;;9;2;;1;1;;1;17;
2008/09 SW11 (w/e 12/14);2008-12-14;136;7;47;6;;;;1;3;33;21;;3;5;3;3;4;
2008/09 SW12 (w/e 12/21);2008-12-21;274;24;82;12;2;;2;1;6;74;40;5;3;4;9;4;6;
2008/09 SW13 (w/e 12/28);2008-12-28;234;9;74;6;3;1;4;3;3;80;21;7;2;9;3;1;8;
2008/09 SW14 (w/e 01/04);2009-01-04;239;19;46;21;7;1;1;5;4;62;47;9;1;6;;2;8;
2008/09 SW15 (w/e 01/11);2009-01-11;647;38;94;54;8;5;9;8;22;221;64;40;5;34;4;13;28;
2008/09 SW16 (w/e 01/18);2009-01-18;1912;125;304;181;63;10;49;39;130;261;147;165;7;176;59;37;159;
2008/09 SW17 (w/e 01/25);2009-01-25;3857;455;870;283;153;12;72;120;143;359;239;268;6;479;131;50;215;2
2008/09 SW18 (w/e 02/01);2009-02-01;4478;633;1144;261;126;22;59;130;151;287;186;371;27;593;181;47;260;
2008/09 SW19 (w/e 02/08);2009-02-08;5074;834;1563;168;120;13;52;201;119;307;214;395;27;631;173;55;202;
2008/09 SW20 (w/e 02/15);2009-02-15;4202;746;1518;62;89;18;27;147;91;254;191;302;25;432;101;62;135;2
2008/09 SW21 (w/e 02/22);2009-02-22;2584;551;878;56;66;15;20;93;28;186;91;174;23;195;102;31;75;
2008/09 SW22 (w/e 03/01);2009-03-01;1586;264;486;63;43;14;17;78;17;148;78;97;7;108;100;18;48;
2008/09 SW23 (w/e 03/08);2009-03-08;1200;174;264;52;39;6;14;38;40;140;46;101;6;109;81;26;64;
2008/09 SW24 (w/e 03/15);2009-03-15;639;86;105;33;23;1;9;27;6;99;37;33;;79;53;24;24;
2008/09 SW25 (w/e 03/22);2009-03-22;398;55;55;36;14;1;4;22;1;37;42;16;;49;25;17;24;
2008/09 SW26 (w/e 03/29);2009-03-29;259;15;23;16;6;1;4;10;;51;30;11;1;61;15;8;7;
2008/09 SW27 (w/e 04/05);2009-04-05;140;9;11;6;4;;;6;3;23;10;10;;24;30;3;1;
2008/09 SW28 (w/e 04/12);2009-04-12;63;4;8;1;;;3;1;;8;5;;;18;10;2;3;
2008/09 SW29 (w/e 04/19);2009-04-19;31;1;4;;;;1;2;;5;4;;;12;2;;;
2008/09 SW30 (w/e 04/26);2009-04-26;9;;;;1;;;;;3;1;2;;1;1;;;
2008/09 SW31 (w/e 05/03);2009-05-03;42;1;9;7;8;;1;2;;5;3;;;1;3;2;;
2008/09 SW32 (w/e 05/10);2009-05-10;53;9;14;4;2;;2;3;;1;7;2;;5;2;1;1;
2008/09 SW33 (w/e 05/17);2009-05-17;21;1;10;1;1;;1;1;1;2;3;;;;;;;
2008/09 SW34 (w/e 05/24);2009-05-24;25;2;5;;;;3;1;;4;6;;;1;2;1;;
2008/09 SW35 (w/e 05/31);2009-05-31;27;5;7;1;;;;3;;2;5;1;;1;1;;1;
2008/09 SW36 (w/e 06/07);2009-06-07;62;9;16;1;;;3;6;;2;13;4;;2;;;6;
2008/09 SW37 (w/e 06/14);2009-06-14;157;15;29;3;1;;1;7;1;6;82;6;;3;1;1;1;
2008/09 SW38 (w/e 06/21);2009-06-21;207;35;60;5;2;1;;3;1;10;77;2;;2;;2;7;
2008/09 SW39 (w/e 06/28);2009-06-28;165;26;29;3;1;;4;4;2;7;72;3;;6;1;5;2;
2008/09 SW40 (w/e 07/05);2009-07-05;491;21;348;12;;;1;14;;14;55;10;;8;2;5;1;
2008/09 SW41 (w/e 07/12);2009-07-12;408;38;74;11;5;5;2;11;;113;85;16;2;18;5;18;5;
2008/09 SW42 (w/e 07/19);2009-07-19;1273;123;159;46;13;7;5;50;22;341;360;21;34;19;22;32;19;
2008/09 SW43 (w/e 07/26);2009-07-26;2918;219;248;54;23;21;15;191;23;490;1218;131;42;37;43;121;42;
2008/09 SW44 (w/e 08/02);2009-08-02;3524;351;281;95;60;37;84;179;33;572;1178;250;54;64;81;164;41;
2008/09 SW45 (w/e 08/09);2009-08-09;2764;324;261;72;66;25;77;140;14;438;816;217;51;50;53;116;44;
2008/09 SW46 (w/e 08/16);2009-08-16;2330;454;315;35;39;14;85;98;16;253;612;183;30;53;30;86;27;
2008/09 SW47 (w/e 08/23);2009-08-23;1860;469;323;59;44;12;53;70;10;143;396;130;11;35;29;63;13;
2008/09 SW48 (w/e 08/30);2009-08-30;1541;411;255;41;34;6;42;76;5;118;340;101;7;39;18;31;17;
2008/09 SW49 (w/e 09/06);2009-09-06;1229;298;236;51;45;9;22;47;18;80;243;50;13;25;27;50;15;
2008/09 SW50 (w/e 09/13);2009-09-13;1085;205;194;66;29;18;28;47;12;95;177;62;15;27;21;24;65;
2008/09 SW51 (w/e 09/20);2009-09-20;899;134;248;62;38;2;23;40;3;54;111;53;4;12;14;20;80;1
2008/09 SW52 (w/e 09/27);2009-09-27;1062;121;412;40;45;5;5;68;7;58;104;46;2;36;28;25;60;
2009/10 SW01 (w/e 10/04);2009-10-04;1330;112;616;48;34;2;18;45;7;74;180;40;5;27;11;40;71;
2009/10 SW02 (w/e 10/11);2009-10-11;1599;180;852;20;27;1;27;60;4;39;191;50;6;43;18;28;52;1
2009/10 SW03 (w/e 10/18);2009-10-18;1942;143;1042;46;43;;57;83;4;80;253;60;7;54;35;18;17;
2009/10 SW04 (w/e 10/25);2009-10-25;3450;372;1853;81;27;8;50;73;176;124;497;40;22;34;25;28;40;
2009/10 SW05 (w/e 11/01);2009-11-01;9057;980;5322;154;62;56;151;172;71;724;812;158;29;85;104;89;87;1
2009/10 SW06 (w/e 11/08);2009-11-08;22627;2049;7645;459;106;321;605;1177;174;3211;3644;1340;93;450;658;214;481;
2009/10 SW07 (w/e 11/15);2009-11-15;38838;4376;6470;1567;548;335;1116;2468;459;4645;8386;3351;191;1837;1001;766;1314;8
2009/10 SW08 (w/e 11/22);2009-11-22;25475;2384;4661;1048;739;210;370;2030;473;2750;4088;2227;219;1500;1040;751;984;1
2009/10 SW09 (w/e 11/29);2009-11-29;16703;2026;3003;774;544;93;235;1593;554;1178;2126;1477;237;1086;708;377;690;2
2009/10 SW10 (w/e 12/06);2009-12-06;10618;1488;1665;509;339;68;117;1008;409;759;1281;887;203;739;503;226;416;1
2009/10 SW11 (w/e 12/13);2009-12-13;7672;1100;1207;382;378;60;99;590;351;506;819;451;129;582;474;165;378;1
2009/10 SW12 (w/e 12/20);2009-12-20;5440;693;765;305;332;45;58;364;347;411;452;289;60;513;389;113;303;1
2009/10 SW13 (w/e 12/27);2009-12-27;2141;278;280;110;115;10;38;114;117;162;193;128;30;238;164;37;127;
2009/10 SW14 (w/e 01/03);2010-01-03;1162;187;186;56;1;14;16;63;52;111;101;84;1;124;83;1;82;
2009/10 SW15 (w/e 01/10);2010-01-10;1008;100;105;67;83;2;17;39;48;105;120;43;14;108;51;60;46;
2009/10 SW16 (w/e 01/17);2010-01-17;622;63;120;39;41;4;11;31;33;44;77;22;12;64;27;10;24;
2009/10 SW17 (w/e 01/24);2010-01-24;398;37;70;15;24;1;8;12;39;33;35;15;3;31;26;6;43;
2009/10 SW18 (w/e 01/31);2010-01-31;319;17;43;13;29;2;3;21;22;30;32;14;3;24;25;5;36;
2009/10 SW19 (w/e 02/07);2010-02-07;217;12;41;10;7;3;3;8;34;13;13;6;;23;17;3;24;
2009/10 SW20 (w/e 02/14);2010-02-14;139;8;27;5;8;;;6;12;12;11;6;3;9;5;6;21;
2009/10 SW21 (w/e 02/21);2010-02-21;71;2;12;6;1;;2;3;3;5;12;2;2;8;4;2;7;
2009/10 SW22 (w/e 02/28);2010-02-28;100;10;14;3;8;;1;2;2;4;11;15;5;4;6;7;8;
2009/10 SW23 (w/e 03/07);2010-03-07;70;1;10;2;5;;;8;2;11;13;6;2;2;3;;5;
2009/10 SW24 (w/e 03/14);2010-03-14;63;5;11;4;4;;1;8;1;11;6;5;1;4;1;1;;
2009/10 SW25 (w/e 03/21);2010-03-21;46;4;5;2;2;;;2;2;7;5;7;2;2;3;2;1;
2009/10 SW26 (w/e 03/28);2010-03-28;53;7;8;3;;;;;3;17;6;4;1;;3;1;;
2009/10 SW27 (w/e 04/04);2010-04-04;28;6;2;;1;;;1;;6;2;4;1;1;;1;3;
2009/10 SW28 (w/e 04/11);2010-04-11;4;;;3;;;;1;;;;;;;;;;
2009/10 SW29 (w/e 04/18);2010-04-18;14;;;2;;;;1;;1;3;1;;3;2;1;;
2009/10 SW30 (w/e 04/25);2010-04-25;8;;1;;2;;;1;;;1;;;2;;1;;
2009/10 SW31 (w/e 05/02);2010-05-02;9;;2;1;;;1;3;;1;;;;;;;1;
2009/10 SW32 (w/e 05/09);2010-05-09;7;;2;1;;;;1;;;;;;1;;2;;
2009/10 SW33 (w/e 05/16);2010-05-16;4;;1;1;;;;;;;;1;;1;;;;
2009/10 SW34 (w/e 05/23);2010-05-23;5;;1;;;;;;;1;;1;;2;;;;
2009/10 SW35 (w/e 05/30);2010-05-30;1;;;;;;;;;1;;;;;;;;
2009/10 SW36 (w/e 06/06);2010-06-06;4;;;;;;;;;;;;;3;1;;;
2009/10 SW37 (w/e 06/13);2010-06-13;4;2;1;;;;;;;;;;;1;;;;
2009/10 SW38 (w/e 06/20);2010-06-20;7;;1;;1;;;;;1;1;;;1;;1;1;
2009/10 SW39 (w/e 06/27);2010-06-27;4;;2;;;;;1;;;;;;1;;;;
2009/10 SW40 (w/e 07/04);2010-07-04;1;;;;;;;;;;;;;1;;;;
2009/10 SW41 (w/e 07/11);2010-07-11;3;;;;;;;;;;;;;2;1;;;
2009/10 SW42 (w/e 07/18);2010-07-18;2;;;;;;;;;;;;;1;;;1;
2009/10 SW43 (w/e 07/25);2010-07-25;4;;;1;;;;2;;;;;;;;;1;
2009/10 SW44 (w/e 08/01);2010-08-01;2;;;;;;;2;;;;;;;;;;
2009/10 SW45 (w/e 08/08);2010-08-08;2;;;;1;;;;;;;1;;;;;;
2009/10 SW46 (w/e 08/15);2010-08-15;3;;1;;;;;;;1;;1;;;;;;
2009/10 SW48 (w/e 08/29);2010-08-29;1;;;;;;;;;;1;;;;;;;
2009/10 SW49 (w/e 09/05);2010-09-05;3;;1;;;;;;;;1;;;1;;;;
2009/10 SW50 (w/e 09/12);2010-09-12;5;;2;;;;;1;;;1;1;;;;;;
2009/10 SW51 (w/e 09/19);2010-09-19;4;1;;1;;;;;;;;1;;;;;1;
2009/10 SW52 (w/e 09/26);2010-09-26;6;;;;;;;2;;1;;2;;;1;;;
2009/10 SW53 (w/e 10/03);2010-10-03;5;;;;;;1;;;;1;3;;;;;;
2010/11 SW01 (w/e 10/10);2010-10-10;3;;;1;;;;1;1;;;;;;;;;
2010/11 SW02 (w/e 10/17);2010-10-17;11;;6;;1;;;;;;1;1;;2;;;;
2010/11 SW03 (w/e 10/24);2010-10-24;6;;1;;;;1;1;;2;;;;1;;;;
2010/11 SW04 (w/e 10/31);2010-10-31;9;;2;;;;4;;1;1;;;;1;;;;
2010/11 SW05 (w/e 11/07);2010-11-07;5;;2;;2;;;;;;;1;;;;;;
2010/11 SW06 (w/e 11/14);2010-11-14;7;;2;;;;2;;;;;1;;;2;;;
2010/11 SW07 (w/e 11/21);2010-11-21;7;;5;1;;;;;1;;;;;;;;;
2010/11 SW08 (w/e 11/28);2010-11-28;18;1;7;2;;1;;6;;;;1;;;;;;
2010/11 SW09 (w/e 12/05);2010-12-05;13;;7;1;;;;;;1;;;;2;1;;1;
2010/11 SW10 (w/e 12/12);2010-12-12;26;1;11;5;;;1;2;;4;;;;;2;;;
2010/11 SW11 (w/e 12/19);2010-12-19;82;4;47;9;1;1;;;;6;5;3;;2;3;1;;
2010/11 SW12 (w/e 12/26);2010-12-26;113;15;49;11;;2;4;2;;14;12;1;;1;1;;1;
2010/11 SW13 (w/e 01/02);2011-01-02;182;10;67;12;1;3;13;4;4;29;23;5;1;5;3;2;;
2010/11 SW14 (w/e 01/09);2011-01-09;573;41;104;65;18;5;29;32;5;91;103;17;;24;7;19;13;
2010/11 SW15 (w/e 01/16);2011-01-16;2200;201;434;227;80;16;170;74;58;280;335;106;9;104;17;46;43;
2010/11 SW16 (w/e 01/23);2011-01-23;3941;262;738;354;261;14;280;106;141;380;766;199;15;202;93;62;68;
2010/11 SW17 (w/e 01/30);2011-01-30;4917;322;1019;312;199;24;251;162;304;498;777;295;10;287;178;117;162;
2010/11 SW18 (w/e 02/06);2011-02-06;6202;496;1342;324;168;39;281;223;295;635;979;444;16;337;347;109;167;
2010/11 SW19 (w/e 02/13);2011-02-13;6810;543;1455;387;202;28;415;245;285;685;972;455;21;439;372;151;155;
2010/11 SW20 (w/e 02/20);2011-02-20;5427;574;1214;276;144;21;218;207;177;505;788;356;24;343;271;91;218;
2010/11 SW21 (w/e 02/27);2011-02-27;4157;367;957;214;179;15;156;158;178;359;440;237;23;278;352;67;177;
2010/11 SW22 (w/e 03/06);2011-03-06;3396;279;624;229;166;16;121;81;195;352;315;150;20;242;367;52;187;
2010/11 SW23 (w/e 03/13);2011-03-13;2567;157;362;181;201;9;84;63;241;307;212;81;10;256;216;54;133;
2010/11 SW24 (w/e 03/20);2011-03-20;2629;173;293;163;212;11;39;55;213;315;181;85;16;366;330;41;136;
2010/11 SW25 (w/e 03/27);2011-03-27;1485;60;158;101;102;8;15;34;166;158;111;32;4;266;184;15;71;
2010/11 SW26 (w/e 04/03);2011-04-03;870;56;115;47;46;1;13;23;56;89;61;30;5;180;75;24;49;
2010/11 SW27 (w/e 04/10);2011-04-10;504;23;67;17;19;1;6;13;36;50;38;23;2;121;51;8;29;
2010/11 SW28 (w/e 04/17);2011-04-17;200;13;28;7;8;1;2;3;17;14;17;7;5;49;14;7;8;
2010/11 SW29 (w/e 04/24);2011-04-24;90;2;13;6;1;1;1;4;3;10;6;3;1;25;7;2;5;
2010/11 SW30 (w/e 05/01);2011-05-01;33;;8;2;2;;2;1;;2;2;1;1;3;5;3;1;
2010/11 SW31 (w/e 05/08);2011-05-08;36;;11;;3;;;2;;3;7;1;;4;;4;1;
2010/11 SW32 (w/e 05/15);2011-05-15;14;1;2;1;1;;;;1;;3;1;;1;3;;;
2010/11 SW33 (w/e 05/22);2011-05-22;12;1;4;1;1;;;;;1;;1;;;1;;2;
2010/11 SW34 (w/e 05/29);2011-05-29;10;1;2;;1;;;;1;1;;;;;;4;;
2010/11 SW35 (w/e 06/05);2011-06-05;1;;;;;;;;;;;;;;;1;;
2010/11 SW36 (w/e 06/12);2011-06-12;2;;1;1;;;;;;;;;;;;;;
2010/11 SW37 (w/e 06/19);2011-06-19;2;1;;;;;;;;1;;;;;;;;
2010/11 SW38 (w/e 06/26);2011-06-26;3;;1;;;;;;1;;;;;1;;;;
2010/11 SW39 (w/e 07/03);2011-07-03;4;1;;;;;;;;;;;;;;3;;
2010/11 SW40 (w/e 07/10);2011-07-10;2;;;;;;;;;;;;;1;;1;;
2010/11 SW41 (w/e 07/17);2011-07-17;2;;1;;;;;;;;;;;1;;;;
2010/11 SW42 (w/e 07/24);2011-07-24;2;;1;;;;;;;;;1;;;;;;
2010/11 SW43 (w/e 07/31);2011-07-31;2;;1;;;;;;;1;;;;;;;;
2010/11 SW44 (w/e 08/07);2011-08-07;6;;;;;;;1;;;3;1;;1;;;;
2010/11 SW45 (w/e 08/14);2011-08-14;1;;1;;;;;;;;;;;;;;;
2010/11 SW47 (w/e 08/28);2011-08-28;2;1;;;;;;1;;;;;;;;;;
2010/11 SW48 (w/e 09/04);2011-09-04;1;;;;;;;;;;;;;1;;;;
2010/11 SW49 (w/e 09/11);2011-09-11;3;1;;;;;;;;;;;;;2;;;
2010/11 SW50 (w/e 09/18);2011-09-18;2;;;;1;;;;;1;;;;;;;;
2010/11 SW51 (w/e 09/25);2011-09-25;1;;;;;;;;;;;;;;1;;;
2010/11 SW52 (w/e 10/02);2011-10-02;6;;;;;;;;;1;;;;2;3;;;
2011/12 SW01 (w/e 10/09);2011-10-09;6;;2;;1;;1;;;;1;1;;;;;;
2011/12 SW02 (w/e 10/16);2011-10-16;3;;;;;;;;;1;1;;;;;;1;
2011/12 SW03 (w/e 10/23);2011-10-23;9;;1;;;;;1;;1;;;;2;3;;1;
2011/12 SW04 (w/e 10/30);2011-10-30;6;;;;;;;;;;;;;1;5;;;
2011/12 SW05 (w/e 11/06);2011-11-06;7;;4;;1;;;;1;;;1;;;;;;
2011/12 SW06 (w/e 11/13);2011-11-13;9;1;2;;1;;;1;1;1;;;;1;1;;;
2011/12 SW07 (w/e 11/20);2011-11-20;8;1;1;;;;1;1;;;;;;1;3;;;
2011/12 SW08 (w/e 11/27);2011-11-27;17;2;3;1;1;;;4;1;2;1;;;;2;;;
2011/12 SW09 (w/e 12/04);2011-12-04;9;;2;1;;;;;1;;4;;;1;;;;
2011/12 SW10 (w/e 12/11);2011-12-11;21;1;6;8;;;;;;;1;;;2;2;;1;
2011/12 SW11 (w/e 12/18);2011-12-18;13;1;3;4;;;;;1;;1;2;1;;;;;
2011/12 SW12 (w/e 12/25);2011-12-25;21;1;9;3;;;;;1;1;;3;;1;1;;1;
2011/12 SW13 (w/e 01/01);2012-01-01;16;1;6;3;;;;1;;;2;;1;1;1;;;
2011/12 SW14 (w/e 01/08);2012-01-08;16;2;5;3;1;;1;;;1;1;;1;;;;1;
2011/12 SW15 (w/e 01/15);2012-01-15;24;4;3;5;;1;;;1;2;1;3;;2;1;1;;
2011/12 SW16 (w/e 01/22);2012-01-22;43;3;18;4;2;;3;1;1;;2;2;;2;4;;1;
2011/12 SW17 (w/e 01/29);2012-01-29;90;11;17;40;5;;;2;1;3;3;1;;2;3;;2;
2011/12 SW18 (w/e 02/05);2012-02-05;102;15;31;13;;;1;7;2;7;12;1;;3;7;;3;
2011/12 SW19 (w/e 02/12);2012-02-12;210;48;74;18;6;1;14;7;2;11;11;1;;7;6;1;3;
2011/12 SW20 (w/e 02/19);2012-02-19;445;67;181;30;8;2;25;8;;44;26;16;;16;16;;6;
2011/12 SW21 (w/e 02/26);2012-02-26;867;118;335;63;20;3;35;19;7;88;40;40;;28;33;5;33;
2011/12 SW22 (w/e 03/04);2012-03-04;1311;217;601;48;23;6;51;22;13;66;81;68;6;22;43;12;32;
2011/12 SW23 (w/e 03/11);2012-03-11;1441;225;616;47;24;1;21;59;18;56;66;79;4;74;86;5;60;
2011/12 SW24 (w/e 03/18);2012-03-18;1629;232;845;36;53;2;15;42;13;47;72;67;4;89;57;8;47;
2011/12 SW25 (w/e 03/25);2012-03-25;1568;227;773;23;42;4;4;24;17;55;50;51;12;65;114;10;97;
2011/12 SW26 (w/e 04/01);2012-04-01;1194;195;601;12;48;2;1;21;12;23;33;58;5;65;81;5;32;
2011/12 SW27 (w/e 04/08);2012-04-08;619;106;288;3;14;;3;22;7;7;22;36;1;46;27;3;34;
2011/12 SW28 (w/e 04/15);2012-04-15;353;46;146;11;4;1;2;7;7;10;6;21;;19;44;1;28;
2011/12 SW29 (w/e 04/22);2012-04-22;373;44;117;7;3;;7;7;42;13;10;16;3;44;39;2;18;1
2011/12 SW30 (w/e 04/29);2012-04-29;338;66;76;;3;;52;2;18;8;7;16;2;26;36;1;25;
2011/12 SW31 (w/e 05/06);2012-05-06;152;14;31;2;2;;14;4;9;8;11;10;;12;21;;14;
2011/12 SW32 (w/e 05/13);2012-05-13;133;10;30;1;;;1;3;;7;3;18;;10;36;;14;
2011/12 SW33 (w/e 05/20);2012-05-20;43;10;16;;;;;1;1;3;1;3;;3;5;;;
2011/12 SW34 (w/e 05/27);2012-05-27;45;5;17;;1;;;1;;4;11;4;;;;;2;
2011/12 SW35 (w/e 06/03);2012-06-03;18;2;6;;;;;;;1;5;;;3;1;;;
2011/12 SW36 (w/e 06/10);2012-06-10;6;1;;;;;;;;1;1;;;;3;;;
2011/12 SW37 (w/e 06/17);2012-06-17;9;;3;1;1;;;;1;2;;;;;1;;;
2011/12 SW38 (w/e 06/24);2012-06-24;5;;1;;;;;;;2;;;;;2;;;
2011/12 SW39 (w/e 07/01);2012-07-01;2;;;1;;;;;;;;1;;;;;;
2011/12 SW41 (w/e 07/15);2012-07-15;1;;1;;;;;;;;;;;;;;;
2011/12 SW42 (w/e 07/22);2012-07-22;3;;;1;;;;;;1;;;;1;;;;
2011/12 SW44 (w/e 08/05);2012-08-05;3;;2;;;;;;;;;;;1;;;;
2011/12 SW45 (w/e 08/12);2012-08-12;6;;2;;;;;;;1;1;;;;;;2;
2011/12 SW46 (w/e 08/19);2012-08-19;1;;;;1;;;;;;;;;;;;;
2011/12 SW47 (w/e 08/26);2012-08-26;2;;;1;;;;;;;;1;;;;;;
2011/12 SW48 (w/e 09/02);2012-09-02;4;1;2;1;;;;;;;;;;;;;;
2011/12 SW49 (w/e 09/09);2012-09-09;3;;;;;;;;;;2;;;;;;1;
2011/12 SW51 (w/e 09/23);2012-09-23;6;2;;;;;;;;;2;2;;;;;;
2011/12 SW52 (w/e 09/30);2012-09-30;3;2;1;;;;;;;;;;;;;;;
2012/13 SW02 (w/e 10/14);2012-10-14;3;2;1;;;;;;;;;;;;;;;
2012/13 SW03 (w/e 10/21);2012-10-21;6;2;1;;;;;;2;;1;;;;;;;
2012/13 SW04 (w/e 10/28);2012-10-28;13;2;6;;;;;2;;;1;1;;;;;1;
2012/13 SW05 (w/e 11/04);2012-11-04;4;1;1;;1;;;;1;;;;;;;;;
2012/13 SW06 (w/e 11/11);2012-11-11;18;1;1;1;1;;4;1;;3;;1;;2;;;3;
2012/13 SW07 (w/e 11/18);2012-11-18;15;;2;1;1;;;1;;4;;;;5;;;1;
2012/13 SW08 (w/e 11/25);2012-11-25;29;3;7;;;;1;1;1;7;;1;;3;2;;3;
2012/13 SW09 (w/e 12/02);2012-12-02;49;2;9;;1;;;3;;6;7;1;;5;9;5;1;
2012/13 SW10 (w/e 12/09);2012-12-09;81;2;17;2;2;;1;;2;22;8;3;;4;13;3;2;
2012/13 SW11 (w/e 12/16);2012-12-16;165;9;18;3;2;1;1;1;7;26;9;5;;15;41;4;23;
2012/13 SW12 (w/e 12/23);2012-12-23;371;18;57;17;7;3;7;8;1;47;31;10;2;40;92;11;20;
2012/13 SW13 (w/e 12/30);2012-12-30;209;21;44;7;6;;13;4;;19;12;8;;24;36;7;8;
2012/13 SW14 (w/e 01/06);2013-01-06;347;35;53;1;5;3;7;7;13;57;25;9;;51;52;5;24;
2012/13 SW15 (w/e 01/13);2013-01-13;798;54;125;46;20;3;30;28;16;90;63;24;3;148;105;14;29;
2012/13 SW16 (w/e 01/20);2013-01-20;1860;145;354;84;106;4;58;30;130;129;101;39;5;339;237;16;79;4
2012/13 SW17 (w/e 01/27);2013-01-27;3633;336;630;137;146;12;87;65;244;255;195;96;23;671;468;55;213;
2012/13 SW18 (w/e 02/03);2013-02-03;6951;593;1123;387;327;9;226;153;524;374;437;256;33;1388;657;77;387;
2012/13 SW19 (w/e 02/10);2013-02-10;8136;662;1522;380;448;21;354;255;599;469;575;421;47;1163;697;137;386;
2012/13 SW20 (w/e 02/17);2013-02-17;7615;696;1135;321;324;15;393;272;437;505;756;412;40;1053;577;253;426;
2012/13 SW21 (w/e 02/24);2013-02-24;9664;1047;1642;348;421;22;351;459;361;594;1215;705;62;1063;820;236;317;1
2012/13 SW22 (w/e 03/03);2013-03-03;9517;1109;1615;419;415;14;389;417;352;664;1163;664;61;945;809;218;262;1
2012/13 SW23 (w/e 03/10);2013-03-10;7856;959;1501;260;421;13;266;360;311;508;796;554;78;743;706;159;220;1
2012/13 SW24 (w/e 03/17);2013-03-17;6161;653;1373;278;326;12;121;253;222;464;520;346;50;609;552;124;257;1
2012/13 SW25 (w/e 03/24);2013-03-24;4397;386;928;250;251;7;89;164;238;267;305;161;24;591;418;118;200;
2012/13 SW26 (w/e 03/31);2013-03-31;2596;257;546;158;144;5;72;96;146;133;124;79;5;386;261;68;115;1
2012/13 SW27 (w/e 04/07);2013-04-07;1709;141;257;121;83;2;88;46;134;115;96;37;5;292;154;54;84;
2012/13 SW28 (w/e 04/14);2013-04-14;1645;156;261;81;90;5;68;45;128;120;98;35;3;248;177;61;69;
2012/13 SW29 (w/e 04/21);2013-04-21;946;53;149;32;53;1;57;24;82;58;60;24;1;171;107;31;43;
2012/13 SW30 (w/e 04/28);2013-04-28;388;25;98;18;23;;15;9;26;24;16;3;1;70;34;11;14;1
2012/13 SW31 (w/e 05/05);2013-05-05;195;26;28;9;7;1;4;41;11;17;9;2;;16;9;6;9;
2012/13 SW32 (w/e 05/12);2013-05-12;70;5;17;3;2;;1;3;6;3;5;4;1;8;7;1;4;
2012/13 SW33 (w/e 05/19);2013-05-19;36;4;7;3;5;;1;1;2;1;1;1;;5;;3;2;
2012/13 SW34 (w/e 05/26);2013-05-26;16;3;2;1;;;2;;;1;3;;;2;;1;1;
2012/13 SW35 (w/e 06/02);2013-06-02;19;4;4;;1;;1;;;2;1;;;5;;;1;
2012/13 SW36 (w/e 06/09);2013-06-09;19;3;2;1;;;;1;;1;4;;;5;;2;;
2012/13 SW37 (w/e 06/16);2013-06-16;15;2;4;2;;;;;;;3;1;;;;3;;
2012/13 SW38 (w/e 06/23);2013-06-23;10;4;;1;;;;;;;1;;;2;;2;;
2012/13 SW39 (w/e 06/30);2013-06-30;6;3;1;;;;;;;;;;;1;;1;;
2012/13 SW40 (w/e 07/07);2013-07-07;4;1;;1;;;;;;;;;;;1;;1;
2012/13 SW41 (w/e 07/14);2013-07-14;9;1;3;;;;;;;;;;;3;;2;;
2012/13 SW42 (w/e 07/21);2013-07-21;4;;;;;;;;;;1;;;1;;2;;
2012/13 SW43 (w/e 07/28);2013-07-28;8;;4;1;;;;;;;;;;;;3;;
2012/13 SW44 (w/e 08/04);2013-08-04;1;;;;;;;;;;;1;;;;;;
2012/13 SW45 (w/e 08/11);2013-08-11;5;;1;1;1;;;;;1;;;;;;1;;
2012/13 SW46 (w/e 08/18);2013-08-18;1;;;;;;;;;;1;;;;;;;
2012/13 SW47 (w/e 08/25);2013-08-25;3;;;;;;;1;;;;1;;;;;1;
2012/13 SW48 (w/e 09/01);2013-09-01;1;1;;;;;;;;;;;;;;;;
2012/13 SW49 (w/e 09/08);2013-09-08;3;;1;;;;;1;;;1;;;;;;;
2012/13 SW50 (w/e 09/15);2013-09-15;2;;;;;;1;;1;;;;;;;;;
2012/13 SW52 (w/e 09/29);2013-09-29;3;1;;;;;;;;;2;;;;;;;
2013/14 SW01 (w/e 10/06);2013-10-06;6;;2;;2;;;;;;;;;1;;1;;
2013/14 SW02 (w/e 10/13);2013-10-13;4;1;2;;;;;;;;;1;;;;;;
2013/14 SW03 (w/e 10/20);2013-10-20;9;1;4;1;;;;;;1;1;1;;;;;;
2013/14 SW04 (w/e 10/27);2013-10-27;10;1;2;;;;;2;;1;1;3;;;;;;
2013/14 SW05 (w/e 11/03);2013-11-03;11;1;6;;;;;;1;;1;;;1;;1;;
2013/14 SW06 (w/e 11/10);2013-11-10;14;;3;3;;;;;;1;1;2;;1;1;;1;1
2013/14 SW07 (w/e 11/17);2013-11-17;10;1;3;;1;;2;;;1;1;;;;;1;;
2013/14 SW08 (w/e 11/24);2013-11-24;23;;10;1;;;;1;;3;;1;;3;3;1;;
2013/14 SW09 (w/e 12/01);2013-12-01;27;1;6;;;;4;;;9;1;4;;;;1;1;
2013/14 SW10 (w/e 12/08);2013-12-08;28;1;10;1;;;;;1;7;;2;;2;1;1;2;
2013/14 SW11 (w/e 12/15);2013-12-15;28;1;8;3;;;;;;5;3;2;;2;3;;1;
2013/14 SW12 (w/e 12/22);2013-12-22;24;2;11;;1;;;1;;2;1;;;2;3;;1;
2013/14 SW13 (w/e 12/29);2013-12-29;22;;11;1;;;2;;;2;;1;;;5;;;
2013/14 SW14 (w/e 01/05);2014-01-05;28;3;11;1;;;1;3;1;3;2;1;;;1;;1;
2013/14 SW15 (w/e 01/12);2014-01-12;68;8;27;7;1;;2;3;;2;8;3;;3;2;1;1;
2013/14 SW16 (w/e 01/19);2014-01-19;111;16;39;7;3;1;2;4;5;7;6;2;;10;2;3;4;
2013/14 SW17 (w/e 01/26);2014-01-26;221;20;98;13;10;;3;7;16;8;15;6;;7;12;3;3;
2013/14 SW18 (w/e 02/02);2014-02-02;333;35;168;9;4;;9;12;29;8;11;7;;10;22;3;6;
2013/14 SW19 (w/e 02/09);2014-02-09;481;52;228;38;7;2;6;27;10;14;15;12;1;25;25;1;18;
2013/14 SW20 (w/e 02/16);2014-02-16;628;81;253;47;28;2;15;28;16;15;18;18;;35;45;6;21;
2013/14 SW21 (w/e 02/23);2014-02-23;665;77;283;53;18;1;24;23;8;27;21;13;;31;64;7;15;
2013/14 SW22 (w/e 03/02);2014-03-02;732;100;279;70;20;1;22;32;6;20;36;26;1;34;55;9;21;
2013/14 SW23 (w/e 03/09);2014-03-09;716;105;260;59;21;1;11;22;15;17;50;49;1;33;55;8;9;
2013/14 SW24 (w/e 03/16);2014-03-16;725;128;280;39;19;1;12;44;16;22;35;21;;37;49;8;14;
2013/14 SW25 (w/e 03/23);2014-03-23;814;103;337;36;28;3;5;46;11;21;37;32;1;44;61;16;33;
2013/14 SW26 (w/e 03/30);2014-03-30;618;98;289;31;12;2;9;26;7;12;28;14;1;35;28;9;17;
2013/14 SW27 (w/e 04/06);2014-04-06;547;102;242;20;6;;5;10;7;15;17;29;4;28;18;9;35;
2013/14 SW28 (w/e 04/13);2014-04-13;455;75;177;16;19;1;15;20;5;6;14;32;4;19;10;1;41;
2013/14 SW29 (w/e 04/20);2014-04-20;200;20;107;6;3;;5;4;3;3;14;12;2;7;7;3;4;
2013/14 SW30 (w/e 04/27);2014-04-27;151;25;68;2;1;1;9;4;;4;10;13;;5;2;1;6;
2013/14 SW31 (w/e 05/04);2014-05-04;101;28;23;4;2;;2;6;4;;8;8;;13;2;;1;
2013/14 SW32 (w/e 05/11);2014-05-11;52;8;9;4;1;;1;3;;4;3;2;;5;3;8;1;
2013/14 SW33 (w/e 05/18);2014-05-18;27;2;13;2;;1;;1;;2;2;;;;1;3;;
2013/14 SW34 (w/e 05/25);2014-05-25;36;3;10;3;2;;1;3;1;3;2;;;4;;4;;
2013/14 SW35 (w/e 06/01);2014-06-01;14;3;5;;1;;;;;2;2;;;;1;;;
2013/14 SW36 (w/e 06/08);2014-06-08;12;1;5;1;;;1;;;1;2;;;;1;;;
2013/14 SW37 (w/e 06/15);2014-06-15;8;1;3;;;;;2;;1;1;;;;;;;
2013/14 SW38 (w/e 06/22);2014-06-22;7;;4;;1;;;;;;;;;1;;1;;
2013/14 SW39 (w/e 06/29);2014-06-29;16;4;4;;;;;2;;;4;2;;;;;;
2013/14 SW40 (w/e 07/06);2014-07-06;8;2;3;;;;;2;;;;1;;;;;;
2013/14 SW41 (w/e 07/13);2014-07-13;4;;2;;;;;;;1;;;;;;1;;
2013/14 SW42 (w/e 07/20);2014-07-20;8;2;3;;;;;;1;;;;;;;;2;
2013/14 SW43 (w/e 07/27);2014-07-27;9;;2;1;;;3;;1;;1;;1;;;;;
2013/14 SW44 (w/e 08/03);2014-08-03;7;1;1;;;;3;1;;1;;;;;;;;
2013/14 SW45 (w/e 08/10);2014-08-10;2;;;;;;;;;;1;;;1;;;;
2013/14 SW46 (w/e 08/17);2014-08-17;7;5;;;;;;2;;;;;;;;;;
2013/14 SW47 (w/e 08/24);2014-08-24;5;1;2;1;1;;;;;;;;;;;;;
2013/14 SW48 (w/e 08/31);2014-08-31;7;1;;;;;;;1;1;1;1;;1;1;;;
2013/14 SW49 (w/e 09/07);2014-09-07;9;2;3;;;;;1;;;1;;;2;;;;
2013/14 SW50 (w/e 09/14);2014-09-14;7;;1;1;2;;1;;;;;1;;;1;;;
2013/14 SW51 (w/e 09/21);2014-09-21;8;1;;2;;;1;;;1;1;;;;;;2;
2013/14 SW52 (w/e 09/28);2014-09-28;10;;2;;1;;;;;1;3;1;;2;;;;
2014/15 SW01 (w/e 10/05);2014-10-05;6;;1;;;;;1;4;;;;;;;;;
2014/15 SW02 (w/e 10/12);2014-10-12;5;;;;2;;;;;;;1;;1;1;;;
2014/15 SW03 (w/e 10/19);2014-10-19;12;2;3;1;;;;;;2;1;;;2;;;1;
2014/15 SW04 (w/e 10/26);2014-10-26;17;4;2;1;1;;;;1;2;1;;;1;1;3;;
2014/15 SW05 (w/e 11/02);2014-11-02;12;2;3;;;;;;;2;2;2;;1;;;;
2014/15 SW06 (w/e 11/09);2014-11-09;16;2;6;;3;;1;;1;;;2;;;;1;;
2014/15 SW07 (w/e 11/16);2014-11-16;22;2;8;1;;;;;1;3;2;3;;1;;1;;
2014/15 SW08 (w/e 11/23);2014-11-23;26;5;4;3;;;;1;2;6;1;1;;;3;;;
2014/15 SW09 (w/e 11/30);2014-11-30;34;4;3;2;;;1;;4;6;4;4;;2;1;2;1;
2014/15 SW10 (w/e 12/07);2014-12-07;42;5;8;1;;;3;;2;3;5;8;1;3;2;1;;
2014/15 SW11 (w/e 12/14);2014-12-14;84;9;20;7;6;;2;1;1;15;4;3;;10;1;1;4;
2014/15 SW12 (w/e 12/21);2014-12-21;175;9;52;19;4;1;9;13;5;11;12;6;3;15;4;4;8;
2014/15 SW13 (w/e 12/28);2014-12-28;150;14;41;15;7;;6;4;7;6;13;9;;15;6;1;6;
2014/15 SW14 (w/e 01/04);2015-01-04;152;19;40;16;1;2;12;6;2;5;23;5;;8;4;6;3;
2014/15 SW15 (w/e 01/11);2015-01-11;484;53;134;36;9;;13;25;6;32;46;12;3;54;35;16;10;
2014/15 SW16 (w/e 01/18);2015-01-18;1152;125;278;67;33;4;26;37;18;37;76;26;4;318;39;17;47;
2014/15 SW17 (w/e 01/25);2015-01-25;1987;254;616;88;54;2;43;54;42;54;97;78;10;370;131;23;71;
2014/15 SW18 (w/e 02/01);2015-02-01;4202;608;1118;156;109;2;73;121;84;125;200;161;13;1005;190;84;153;
2014/15 SW19 (w/e 02/08);2015-02-08;7047;1069;1703;187;159;5;137;363;128;247;332;310;42;1602;350;87;325;1
2014/15 SW20 (w/e 02/15);2015-02-15;9657;1672;2663;311;239;7;248;318;170;358;499;609;59;1476;472;167;385;4
2014/15 SW21 (w/e 02/22);2015-02-22;12157;1915;3162;413;343;7;351;463;244;522;623;612;81;1236;645;285;1255;
2014/15 SW22 (w/e 03/01);2015-03-01;14629;1954;3265;464;521;9;378;502;382;688;911;830;107;1801;1113;312;1389;3
2014/15 SW23 (w/e 03/08);2015-03-08;11576;1423;2561;422;428;6;207;406;427;534;759;621;55;1281;1080;273;1092;1
2014/15 SW24 (w/e 03/15);2015-03-15;8623;869;1701;364;420;5;228;292;396;376;536;358;28;1073;997;177;802;1
2014/15 SW25 (w/e 03/22);2015-03-22;5820;514;1277;260;232;10;130;175;282;279;330;222;29;909;590;151;426;4
2014/15 SW26 (w/e 03/29);2015-03-29;4079;371;1041;153;146;4;108;121;179;160;190;119;16;746;366;90;266;3
2014/15 SW27 (w/e 04/05);2015-04-05;2203;178;607;98;75;4;61;78;78;84;101;69;5;364;233;45;123;
2014/15 SW28 (w/e 04/12);2015-04-12;1234;134;302;48;54;;35;42;52;34;44;47;4;238;132;27;41;
2014/15 SW29 (w/e 04/19);2015-04-19;1378;89;641;38;31;;64;39;28;31;44;34;;178;114;8;39;
2014/15 SW30 (w/e 04/26);2015-04-26;670;55;259;21;20;1;31;16;23;16;28;17;4;81;65;10;23;
2014/15 SW31 (w/e 05/03);2015-05-03;335;25;58;16;4;;18;6;6;15;24;9;1;58;31;49;15;
2014/15 SW32 (w/e 05/10);2015-05-10;187;14;32;7;13;;9;11;1;12;9;8;2;43;18;5;3;
2014/15 SW33 (w/e 05/17);2015-05-17;104;5;13;6;2;1;22;4;4;5;7;1;;17;10;3;4;
2014/15 SW34 (w/e 05/24);2015-05-24;58;3;6;7;1;;5;1;1;7;7;2;;8;4;2;4;
2014/15 SW35 (w/e 05/31);2015-05-31;35;1;4;;;;3;4;3;3;2;1;;8;4;2;;
2014/15 SW36 (w/e 06/07);2015-06-07;28;;4;2;1;;4;;;2;;;6;7;1;1;;
2014/15 SW37 (w/e 06/14);2015-06-14;12;1;1;;1;;1;1;1;1;2;;;1;;2;;
2014/15 SW38 (w/e 06/21);2015-06-21;17;1;2;1;1;;;;1;2;3;;;4;;2;;
2014/15 SW39 (w/e 06/28);2015-06-28;6;;;;;;;2;;2;1;;;1;;;;
2014/15 SW40 (w/e 07/05);2015-07-05;9;1;1;;;;;1;;3;;2;;1;;;;
2014/15 SW41 (w/e 07/12);2015-07-12;5;1;1;;;;;;;1;;;;2;;;;
2014/15 SW42 (w/e 07/19);2015-07-19;8;;2;;1;2;;;;2;;;;1;;;;
2014/15 SW43 (w/e 07/26);2015-07-26;10;;1;;;;;4;;1;;;;;;3;1;
2014/15 SW44 (w/e 08/02);2015-08-02;8;;3;1;;;;;;2;;;1;1;;;;
2014/15 SW45 (w/e 08/09);2015-08-09;8;;3;;;;;1;;1;;;;2;;1;;
2014/15 SW46 (w/e 08/16);2015-08-16;5;;3;;;;;;;;1;;;;;1;;
2014/15 SW47 (w/e 08/23);2015-08-23;5;;4;;;1;;;;;;;;;;;;
2014/15 SW48 (w/e 08/30);2015-08-30;4;;1;1;;;1;;;;;;;;;1;;
2014/15 SW49 (w/e 09/06);2015-09-06;6;1;2;;;;1;1;;;1;;;;;;;
2014/15 SW50 (w/e 09/13);2015-09-13;5;1;;;;;;1;;;;;;;;;3;
2014/15 SW51 (w/e 09/20);2015-09-20;5;2;2;1;;;;;;;;;;;;;;
2014/15 SW52 (w/e 09/27);2015-09-27;9;2;3;1;;;;;;;2;;;;1;;;
2015/16 SW01 (w/e 10/04);2015-10-04;9;2;2;;1;;1;;1;;;;;1;;1;;
2015/16 SW02 (w/e 10/11);2015-10-11;17;5;3;1;2;;;2;;1;1;1;;1;;;;
2015/16 SW03 (w/e 10/18);2015-10-18;15;2;2;1;;;2;2;;;2;;;;2;1;1;
2015/16 SW04 (w/e 10/25);2015-10-25;15;2;1;2;1;1;;;;2;2;;;;;4;;
2015/16 SW05 (w/e 11/01);2015-11-01;33;1;10;2;;;;1;1;2;3;5;;4;;4;;
2015/16 SW06 (w/e 11/08);2015-11-08;30;1;10;2;1;;;2;;;5;1;;2;3;1;2;
2015/16 SW07 (w/e 11/15);2015-11-15;65;3;17;1;;1;3;8;2;4;4;;;7;2;12;1;
2015/16 SW08 (w/e 11/22);2015-11-22;82;4;15;3;5;;8;7;1;5;11;3;;4;4;3;9;
2015/16 SW09 (w/e 11/29);2015-11-29;82;10;19;;2;;13;5;3;1;8;1;;7;6;1;6;
2015/16 SW10 (w/e 12/06);2015-12-06;162;12;50;2;2;1;11;5;;9;8;5;3;22;10;7;15;
2015/16 SW11 (w/e 12/13);2015-12-13;225;19;45;5;9;1;21;11;4;7;19;1;1;28;25;4;25;
2015/16 SW12 (w/e 12/20);2015-12-20;299;55;44;6;2;2;29;12;5;9;31;5;;25;29;11;34;
2015/16 SW13 (w/e 12/27);2015-12-27;193;30;53;7;4;;17;3;4;12;6;3;1;15;13;3;22;
2015/16 SW14 (w/e 01/03);2016-01-03;192;19;53;9;2;1;18;12;5;4;10;1;;28;7;8;15;
2015/16 SW15 (w/e 01/10);2016-01-10;327;35;90;15;4;;17;22;4;13;27;15;1;43;5;11;25;
2015/16 SW16 (w/e 01/17);2016-01-17;574;55;122;60;22;;42;22;30;21;30;19;2;69;23;17;40;
2015/16 SW17 (w/e 01/24);2016-01-24;1098;61;235;87;41;;81;24;31;71;46;27;;125;54;39;176;
2015/16 SW18 (w/e 01/31);2016-01-31;2247;107;330;197;112;2;193;67;97;122;118;85;2;311;184;42;278;
2015/16 SW19 (w/e 02/07);2016-02-07;3014;198;528;305;102;1;214;70;114;165;163;103;15;490;184;108;253;1
2015/16 SW20 (w/e 02/14);2016-02-14;3167;227;486;270;143;3;207;123;74;190;207;117;7;472;217;113;311;
2015/16 SW21 (w/e 02/21);2016-02-21;4447;398;698;324;249;5;229;166;173;244;332;153;9;487;374;123;482;1
2015/16 SW22 (w/e 02/28);2016-02-28;6355;502;969;456;428;7;273;292;265;323;530;300;15;619;488;247;637;4
2015/16 SW23 (w/e 03/06);2016-03-06;7735;621;1192;507;428;12;356;352;365;418;672;362;17;898;682;336;517;
2015/16 SW24 (w/e 03/13);2016-03-13;10045;740;1407;674;569;9;383;454;629;572;876;428;30;1355;813;316;790;
2015/16 SW25 (w/e 03/20);2016-03-20;11192;835;1835;570;540;17;313;423;784;549;1103;508;36;1748;1044;329;555;3
2015/16 SW26 (w/e 03/27);2016-03-27;8904;820;1484;324;394;18;263;363;643;484;900;414;38;1442;741;231;345;
2015/16 SW27 (w/e 04/03);2016-04-03;6055;581;1092;213;258;8;177;262;321;253;726;302;31;980;526;130;194;1
2015/16 SW28 (w/e 04/10);2016-04-10;4513;374;821;149;147;6;148;177;258;194;431;257;24;804;484;88;151;
2015/16 SW29 (w/e 04/17);2016-04-17;2559;193;414;90;118;3;105;73;152;108;250;153;30;450;304;43;72;1
2015/16 SW30 (w/e 04/24);2016-04-24;1432;97;253;37;59;4;99;30;109;61;133;67;1;229;182;23;48;
2015/16 SW31 (w/e 05/01);2016-05-01;904;47;138;24;68;1;42;9;67;37;69;51;14;161;135;22;19;
2015/16 SW32 (w/e 05/08);2016-05-08;432;27;78;13;11;2;21;7;28;29;49;27;5;68;49;13;4;1
2015/16 SW33 (w/e 05/15);2016-05-15;408;23;77;10;39;1;9;8;22;22;46;22;12;66;35;9;7;
2015/16 SW34 (w/e 05/22);2016-05-22;128;11;25;1;5;;18;1;1;4;22;7;;12;15;2;4;
2015/16 SW35 (w/e 05/29);2016-05-29;62;3;13;;;;1;4;2;6;12;;2;9;8;1;1;
2015/16 SW36 (w/e 06/05);2016-06-05;99;2;7;2;64;;3;3;1;4;7;;;;5;1;;
2015/16 SW37 (w/e 06/12);2016-06-12;23;2;2;;;;5;;2;1;5;1;;;3;2;;
2015/16 SW38 (w/e 06/19);2016-06-19;13;2;1;;1;;1;1;;2;;2;;1;2;;;
2015/16 SW39 (w/e 06/26);2016-06-26;11;1;3;;;;2;;1;;2;;;1;1;;;
2015/16 SW40 (w/e 07/03);2016-07-03;15;;2;;;;;1;;3;4;1;;3;1;;;
2015/16 SW41 (w/e 07/10);2016-07-10;6;1;1;1;;;1;;;;;;;2;;;;
2015/16 SW42 (w/e 07/17);2016-07-17;9;2;2;1;;;1;;;;3;;;;;;;
2015/16 SW43 (w/e 07/24);2016-07-24;9;4;2;;;;;;;;;;2;1;;;;
2015/16 SW44 (w/e 07/31);2016-07-31;22;;;4;;;1;;1;;;;13;2;;1;;
2015/16 SW45 (w/e 08/07);2016-08-07;8;;3;;;;;1;1;;2;;;1;;;;
2015/16 SW46 (w/e 08/14);2016-08-14;6;1;;;;;;;;;1;;;4;;;;
2015/16 SW47 (w/e 08/21);2016-08-21;8;;5;;;;;1;;;;;;2;;;;
2015/16 SW48 (w/e 08/28);2016-08-28;11;;4;;;;1;;;1;;1;;3;;1;;
2015/16 SW49 (w/e 09/04);2016-09-04;10;;3;;;;1;1;1;1;3;;;;;;;
2015/16 SW50 (w/e 09/11);2016-09-11;13;2;4;;1;;2;;;;;1;;3;;;;
2015/16 SW51 (w/e 09/18);2016-09-18;15;4;4;;;;;;;1;3;;;;;3;;
2015/16 SW52 (w/e 09/25);2016-09-25;20;5;6;;;;1;;;3;1;;;2;;2;;
2015/16 SW53 (w/e 10/02);2016-10-02;25;;9;;;;5;;;1;3;4;;;;;3;
2016/17 SW01 (w/e 10/09);2016-10-09;34;14;8;;;;1;1;1;1;1;3;;2;;2;;
2016/17 SW02 (w/e 10/16);2016-10-16;36;3;7;1;1;;4;4;1;1;2;3;1;4;;4;;
2016/17 SW03 (w/e 10/23);2016-10-23;40;3;10;1;;;5;;1;2;5;2;;3;;5;3;
2016/17 SW04 (w/e 10/30);2016-10-30;38;2;17;;;2;1;;1;3;3;;;5;1;3;;
2016/17 SW05 (w/e 11/06);2016-11-06;58;8;15;2;;;1;;1;11;6;1;;4;5;2;2;
2016/17 SW06 (w/e 11/13);2016-11-13;47;1;12;1;3;;;2;3;5;5;1;;6;3;3;2;
2016/17 SW07 (w/e 11/20);2016-11-20;100;9;25;5;6;;4;7;4;2;6;;;21;5;4;2;
2016/17 SW08 (w/e 11/27);2016-11-27;156;7;55;9;2;2;13;4;5;7;16;2;;18;15;;1;
2016/17 SW09 (w/e 12/04);2016-12-04;194;10;57;9;3;;22;8;3;8;15;3;1;36;12;6;1;
2016/17 SW10 (w/e 12/11);2016-12-11;358;17;108;18;15;;37;5;21;11;26;3;;51;38;7;1;
2016/17 SW11 (w/e 12/18);2016-12-18;843;60;260;40;19;1;62;9;110;31;58;8;1;74;78;17;15;
2016/17 SW12 (w/e 12/25);2016-12-25;1398;148;559;57;24;1;108;41;52;44;81;23;2;109;94;28;27;
2016/17 SW13 (w/e 01/01);2017-01-01;1696;274;706;74;34;1;61;42;39;33;158;15;3;109;79;41;27;
2016/17 SW14 (w/e 01/08);2017-01-08;2589;410;987;124;51;1;100;86;54;63;203;31;6;291;99;19;63;1
2016/17 SW15 (w/e 01/15);2017-01-15;4624;788;1666;199;76;1;113;205;135;105;264;76;9;512;246;60;169;
2016/17 SW16 (w/e 01/22);2017-01-22;7242;1167;2154;283;213;2;205;288;234;202;399;182;37;884;472;95;421;4
2016/17 SW17 (w/e 01/29);2017-01-29;12065;2067;3161;528;366;7;279;449;295;344;857;418;36;1623;902;169;562;2
2016/17 SW18 (w/e 02/05);2017-02-05;17463;2842;4304;556;451;13;379;710;391;542;1378;749;82;2504;1347;334;875;6
2016/17 SW19 (w/e 02/12);2017-02-12;20836;2787;5199;573;481;38;420;961;417;801;1840;1273;86;3423;1341;436;759;1
2016/17 SW20 (w/e 02/19);2017-02-19;18332;1964;4043;466;559;41;508;847;520;924;1713;1192;61;2839;1420;556;675;4
2016/17 SW21 (w/e 02/26);2017-02-26;14701;1218;3035;398;427;44;515;715;672;946;1250;769;54;2070;1309;647;628;4
2016/17 SW22 (w/e 03/05);2017-03-05;7469;572;1400;252;263;23;281;349;380;524;679;387;25;956;704;407;264;3
2016/17 SW23 (w/e 03/12);2017-03-12;4319;344;946;97;128;9;124;192;246;313;406;237;16;585;367;130;179;
2016/17 SW24 (w/e 03/19);2017-03-19;2121;145;482;53;56;14;52;96;147;158;248;109;6;245;172;80;58;
2016/17 SW25 (w/e 03/26);2017-03-26;1295;95;326;37;28;3;28;46;93;81;161;60;3;114;125;40;55;
2016/17 SW26 (w/e 04/02);2017-04-02;721;64;182;12;24;1;33;23;51;44;81;21;1;83;79;15;7;
2016/17 SW27 (w/e 04/09);2017-04-09;475;38;133;9;10;2;8;16;23;26;48;17;4;35;62;31;13;
2016/17 SW28 (w/e 04/16);2017-04-16;197;12;64;4;1;1;4;9;14;17;23;9;1;13;16;3;6;
2016/17 SW29 (w/e 04/23);2017-04-23;126;7;41;4;;2;2;9;7;1;14;8;1;16;8;4;2;
2016/17 SW30 (w/e 04/30);2017-04-30;151;12;35;1;4;1;6;3;12;3;18;4;1;12;28;3;8;
2016/17 SW31 (w/e 05/07);2017-05-07;124;9;32;2;;;2;3;2;3;20;3;2;18;15;2;11;
2016/17 SW32 (w/e 05/14);2017-05-14;130;18;24;1;8;2;5;2;4;2;18;4;2;22;11;3;4;
2016/17 SW33 (w/e 05/21);2017-05-21;91;6;22;4;1;;4;1;5;4;12;1;2;9;13;2;4;1
2016/17 SW34 (w/e 05/28);2017-05-28;45;5;8;1;2;;2;2;;4;8;;;4;7;1;1;
2016/17 SW35 (w/e 06/04);2017-06-04;39;3;6;1;;2;2;;;;4;1;;9;2;7;2;
2016/17 SW36 (w/e 06/11);2017-06-11;21;1;6;1;;1;;1;1;1;3;1;;3;1;1;;
2016/17 SW37 (w/e 06/18);2017-06-18;17;1;4;2;;;2;;;1;3;;;2;;1;1;
2016/17 SW38 (w/e 06/25);2017-06-25;21;7;1;1;1;;;;;3;5;;;3;;;;
2016/17 SW39 (w/e 07/02);2017-07-02;10;3;1;1;1;;;;;1;1;;;2;;;;
2016/17 SW40 (w/e 07/09);2017-07-09;11;1;4;;;;1;;3;;;;;1;;1;;
2016/17 SW41 (w/e 07/16);2017-07-16;13;1;3;;1;;;1;;1;2;;;1;2;1;;
2016/17 SW42 (w/e 07/23);2017-07-23;3;;1;;;;;;;1;1;;;;;;;
2016/17 SW43 (w/e 07/30);2017-07-30;14;1;1;;;;4;1;;1;;1;;2;2;1;;
2016/17 SW44 (w/e 08/06);2017-08-06;18;3;6;;;;2;1;;;3;;;1;1;1;;
2016/17 SW45 (w/e 08/13);2017-08-13;12;4;3;;;;;2;;;;1;;1;;1;;
2016/17 SW46 (w/e 08/20);2017-08-20;3;1;;;;;;;;;;;;1;;1;;
2016/17 SW47 (w/e 08/27);2017-08-27;3;1;1;;;;;;;;;1;;;;;;
2016/17 SW48 (w/e 09/03);2017-09-03;13;2;;2;;;;;;2;5;1;;1;;;;
2016/17 SW49 (w/e 09/10);2017-09-10;19;5;4;1;1;;1;;;;1;1;;1;1;3;;
2016/17 SW50 (w/e 09/17);2017-09-17;13;1;3;1;;;3;;;;3;;;1;;1;;
2016/17 SW51 (w/e 09/24);2017-09-24;19;3;4;;;;3;1;;1;;;;3;1;3;;
2016/17 SW52 (w/e 10/01);2017-10-01;32;1;14;2;2;1;;1;2;;3;;;4;;;2;
2017/18 SW01 (w/e 10/08);2017-10-08;40;6;11;2;;2;1;1;2;1;4;3;;3;1;1;2;
2017/18 SW02 (w/e 10/15);2017-10-15;33;5;13;1;2;;1;2;;2;1;1;;4;;;1;
2017/18 SW03 (w/e 10/22);2017-10-22;38;5;15;3;1;;2;1;1;1;1;1;;4;1;2;;
2017/18 SW04 (w/e 10/29);2017-10-29;44;3;7;2;1;;4;3;;5;4;;;9;3;3;;
2017/18 SW05 (w/e 11/05);2017-11-05;28;8;4;1;1;1;2;;;;3;;1;4;1;1;1;
2017/18 SW06 (w/e 11/12);2017-11-12;51;7;13;1;1;;5;3;;4;6;1;;7;2;;1;
2017/18 SW07 (w/e 11/19);2017-11-19;46;5;9;4;1;;5;4;1;;6;2;;6;1;2;;
2017/18 SW08 (w/e 11/26);2017-11-26;90;12;17;1;2;1;13;5;1;6;13;3;2;8;2;2;2;
2017/18 SW09 (w/e 12/03);2017-12-03;104;17;19;1;;1;10;4;1;8;13;1;;25;1;2;1;
2017/18 SW10 (w/e 12/10);2017-12-10;178;15;57;7;5;1;6;5;;10;19;10;;27;12;2;2;
2017/18 SW11 (w/e 12/17);2017-12-17;343;41;102;11;5;;19;12;2;8;38;12;;58;22;4;9;
2017/18 SW12 (w/e 12/24);2017-12-24;619;79;212;14;7;2;27;25;3;9;70;29;2;101;21;10;8;
2017/18 SW13 (w/e 12/31);2017-12-31;829;182;272;20;7;8;27;28;9;22;96;14;5;90;25;14;10;
2017/18 SW14 (w/e 01/07);2018-01-07;1659;312;592;34;23;3;58;99;11;44;181;44;7;144;51;34;22;
2017/18 SW15 (w/e 01/14);2018-01-14;3110;564;1059;105;47;5;134;100;32;93;287;83;6;389;105;52;49;
2017/18 SW16 (w/e 01/21);2018-01-21;5342;806;1598;187;88;2;231;177;93;167;478;194;17;623;236;126;318;1
2017/18 SW17 (w/e 01/28);2018-01-28;10826;1468;3121;462;400;14;427;288;268;485;844;354;62;1503;576;275;279;